GOID,pathway,NES,size,padj,leadingEdge
GO:0010737,Protein Kinase A Signaling GO:0010737,2.7481253058409507,7,5.450800079253098e-5,
GO:0002544,Chronic Inflammatory Response GO:0002544,2.6804111106422877,5,7.122554032151311e-5,
GO:0045607,Regulation Of Inner Ear Auditory Receptor Cell Differentiation GO:0045607,2.6532600240632798,8,1.4429656669069023e-4,
GO:2000980,Regulation Of Inner Ear Receptor Cell Differentiation GO:2000980,2.6532600240632798,8,1.4429656669069023e-4,
GO:0045631,Regulation Of Mechanoreceptor Differentiation GO:0045631,2.6532600240632798,8,1.4429656669069023e-4,
GO:0004711,Ribosomal Protein S6 Kinase Activity GO:0004711,2.629504557624072,6,3.4082981676758424e-4,
GO:0060973,Cell Migration Involved In Heart Development GO:0060973,2.6123955072163763,9,4.564172336014662e-4,
GO:0035976,Transcription Factor Ap-1 Complex GO:0035976,2.6121180801877997,5,3.8888987938646237e-4,
GO:0001823,Mesonephros Development GO:0001823,2.6116601391968897,51,2.516018915497924e-7,
GO:0060740,Prostate Gland Epithelium Morphogenesis GO:0060740,2.6009165419547595,14,1.0103485955458104e-4,
GO:0060512,Prostate Gland Morphogenesis GO:0060512,2.6009165419547595,14,1.0103485955458104e-4,
GO:0110110,Positive Regulation Of Animal Organ Morphogenesis GO:0110110,2.598853379055217,18,1.1512411130834141e-4,
GO:0001657,Ureteric Bud Development GO:0001657,2.5861927734304753,49,1.1356041847768466e-6,
GO:0008083,Growth Factor Activity GO:0008083,2.5555755132630424,47,1.321356434918946e-6,
GO:0031128,Developmental Induction GO:0031128,2.53681456271861,16,3.079480035682305e-4,
GO:0021984,Adenohypophysis Development GO:0021984,2.5361689612838205,7,0.001791467551102288,
GO:0072163,Mesonephric Epithelium Development GO:0072163,2.534701226181097,50,1.1722654087957183e-6,
GO:0072164,Mesonephric Tubule Development GO:0072164,2.534701226181097,50,1.1722654087957183e-6,
GO:0072012,Glomerulus Vasculature Development GO:0072012,2.5338888820061305,10,8.3333647945516e-4,
GO:0061440,Kidney Vasculature Development GO:0061440,2.5310826071733676,12,5.416365719005839e-4,
GO:0061437,Renal System Vasculature Development GO:0061437,2.5310826071733676,12,5.416365719005839e-4,
GO:0001763,Morphogenesis Of A Branching Structure GO:0001763,2.5281149411135115,103,2.1763396630901762e-10,
GO:0061138,Morphogenesis Of A Branching Epithelium GO:0061138,2.5267626450946175,98,5.470007035462689e-10,
GO:0060395,Smad Protein Signal Transduction GO:0060395,2.518964398879014,19,3.618238465009208e-4,
GO:0048165,Fused Antrum Stage GO:0048165,2.516001854970652,5,0.0019435660265260935,
GO:0007219,Notch Signaling Pathway GO:0007219,2.5151716548433964,57,1.2261300167945282e-6,
GO:0033549,Map Kinase Phosphatase Activity GO:0033549,2.5150207050655378,12,6.803278786691544e-4,
GO:0017017,Map Kinase Tyrosine/Serine/Threonine Phosphatase Activity GO:0017017,2.5150207050655378,12,6.803278786691544e-4,
GO:0046668,Regulation Of Retinal Cell Programmed Cell Death GO:0046668,2.510915131575936,4,0.001459353260440042,
GO:0071374,Cellular Response To Parathyroid Hormone Stimulus GO:0071374,2.5033798260287807,8,0.0011727989422355579,
GO:0035809,Regulation Of Urine Volume GO:0035809,2.4952462323136744,11,0.0014724901486577813,
GO:0045933,Positive Regulation Of Muscle Contraction GO:0045933,2.493066282341804,20,1.2993132795967058e-4,
GO:0003416,Endochondral Bone Growth GO:0003416,2.4914240865352775,13,3.7146894827580436e-4,
GO:0032331,Negative Regulation Of Chondrocyte Differentiation GO:0032331,2.4910055553819688,10,0.0013915569116205123,
GO:0097150,Neuronal Stem Cell Population Maintenance GO:0097150,2.487031189968788,16,6.136444652485886e-4,
GO:0003417,Growth Plate Cartilage Development GO:0003417,2.4850929270007995,11,0.00176198311205583,
GO:2000987,Positive Regulation Of Behavioral Fear Response GO:2000987,2.4787070474422928,6,0.0025245499017176134,
GO:0045667,Regulation Of Osteoblast Differentiation GO:0045667,2.4715214720965064,82,5.104574822972177e-8,
GO:0022612,Gland Morphogenesis GO:0022612,2.464586250268007,66,3.5128655993664064e-7,
GO:0048754,Branching Morphogenesis Of An Epithelial Tube GO:0048754,2.4541346833818083,83,5.224801484493337e-8,
GO:0021983,Pituitary Gland Development GO:0021983,2.4537273705195104,19,7.805759232047549e-4,
GO:0004691,Camp-Dependent Protein Kinase Activity GO:0004691,2.453499357636111,3,1.8090782392387737e-4,
GO:0043032,Positive Regulation Of Macrophage Activation GO:0043032,2.453259089707289,6,0.003494710001621723,
GO:0003207,Cardiac Chamber Formation GO:0003207,2.4532354249545345,7,0.004211839035080328,
GO:0005125,Cytokine Activity GO:0005125,2.448560689101682,44,2.1786219936714258e-5,
GO:0030850,Prostate Gland Development GO:0030850,2.4426915569536485,28,2.4847747464997074e-4,
GO:2000118,Regulation Of Sodium-Dependent Phosphate Transport GO:2000118,2.439759479516949,5,0.004797739034725344,
GO:2000242,Negative Regulation Of Reproductive Process GO:2000242,2.438258182262634,31,1.5823931796132474e-4,
GO:0007200,Phospholipase C-Activating G Protein-Coupled Receptor Signaling Pathway GO:0007200,2.4369349607541997,34,8.716600721679725e-5,
GO:0001655,Urogenital System Development GO:0001655,2.426877646577771,36,8.593536770866745e-5,
GO:0004690,Cyclic Nucleotide-Dependent Protein Kinase Activity GO:0004690,2.421871110675316,5,0.006699466491135924,
GO:0016722,"Oxidoreductase Activity, Acting On Metal Ions GO:0016722",2.4209826105806025,7,0.006045260474410395,
GO:0046533,Negative Regulation Of Photoreceptor Cell Differentiation GO:0046533,2.4195245075304337,5,0.00680620057206251,
GO:1902869,Regulation Of Amacrine Cell Differentiation GO:1902869,2.4195245075304337,5,0.00680620057206251,
GO:0070375,Erk5 Cascade GO:0070375,2.4188534928890797,3,0.001128383545648142,
GO:0004712,Protein Serine/Threonine/Tyrosine Kinase Activity GO:0004712,2.4161664930003144,28,3.153465337191122e-4,
GO:0034115,Negative Regulation Of Heterotypic Cell-Cell Adhesion GO:0034115,2.406712243783469,4,0.006091396238462682,
GO:0070587,Regulation Of Cell-Cell Adhesion Involved In Gastrulation GO:0070587,2.406712243783469,4,0.006091396238462682,
GO:0001228,"Dna-Binding Transcription Activator Activity, Rna Polymerase Ii-Specific GO:0001228",2.4048710963524367,249,2.0459892932169405e-15,
GO:0045944,Positive Regulation Of Transcription By Rna Polymerase Ii GO:0045944,2.4048710963524367,249,2.0459892932169405e-15,
GO:0050926,Regulation Of Positive Chemotaxis GO:0050926,2.404481209058075,13,0.0010136076396914438,
GO:1903367,Positive Regulation Of Fear Response GO:1903367,2.404000345679359,7,0.00754504108215875,
GO:0060591,Chondroblast Differentiation GO:0060591,2.40145756825676,5,0.008766696410095835,
GO:0031705,Bombesin Receptor Binding GO:0031705,2.399146562376879,3,0.0022036466318352717,
GO:0001216,Dna-Binding Transcription Activator Activity GO:0001216,2.395337700897186,252,1.6602769201563936e-15,
GO:0061101,Neuroendocrine Cell Differentiation GO:0061101,2.394750015090697,9,0.007925194412248518,
GO:1903537,Meiotic Cell Cycle Process Involved In Oocyte Maturation GO:1903537,2.3923783493795736,4,0.0067532024146376825,
GO:0001658,Branching Involved In Ureteric Bud Morphogenesis GO:0001658,2.3917361127125263,20,5.07751404844285e-4,
GO:0033550,Map Kinase Tyrosine Phosphatase Activity GO:0033550,2.3899740353741485,9,0.008468852332266808,
GO:0071107,Response To Parathyroid Hormone GO:0071107,2.380339183795403,12,0.0028915459893216846,
GO:0072171,Mesonephric Tubule Morphogenesis GO:0072171,2.378537263268156,26,3.849778785235385e-4,
GO:0060675,Ureteric Bud Morphogenesis GO:0060675,2.378537263268156,26,3.849778785235385e-4,
GO:0014826,Vein Smooth Muscle Contraction GO:0014826,2.376579180858298,3,0.004315073325695278,
GO:0050693,Lbd Domain Binding GO:0050693,2.37077711189155,5,0.012877217723232722,
GO:0002085,Inhibition Of Neuroepithelial Cell Differentiation GO:0002085,2.3693583398122136,4,0.008277315005880418,
GO:0001550,Ovarian Cumulus Expansion GO:0001550,2.3679971776640794,3,0.0051294782138268215,
GO:1905941,Positive Regulation Of Gonad Development GO:1905941,2.366995279378506,4,0.008353712059480111,
GO:0072109,Glomerular Mesangium Development GO:0072109,2.3627943182110975,5,0.013927729295895978,
GO:0071376,Cellular Response To Corticotropin-Releasing Hormone Stimulus GO:0071376,2.360368730380329,3,0.006195640556083781,
GO:0043435,Response To Corticotropin-Releasing Hormone GO:0043435,2.360368730380329,3,0.006195640556083781,
GO:0140459,Response To Gram-Positive Bacterium GO:0140459,2.357825914619079,3,0.0063406332372287245,
GO:0160041,Neuropeptide Activity GO:0160041,2.357735510716726,5,0.014703901369440536,
GO:0005184,Neuropeptide Hormone Activity GO:0005184,2.357735510716726,5,0.014703901369440536,
GO:0001547,Antral Ovarian Follicle Growth GO:0001547,2.3545057267756246,6,0.009706610254479796,
GO:0033688,Regulation Of Osteoblast Proliferation GO:0033688,2.354081262228847,16,0.0033847740300336584,
GO:0035810,Positive Regulation Of Urine Volume GO:0035810,2.3521606987744916,8,0.005306597521114205,
GO:0030279,Negative Regulation Of Ossification GO:0030279,2.345608618155691,18,0.0019528027733350885,
GO:0045686,Negative Regulation Of Glial Cell Differentiation GO:0045686,2.344265061239638,18,0.0019528027733350885,
GO:2000018,Regulation Of Male Gonad Development GO:2000018,2.342558753021994,4,0.010586027511530907,
GO:0046532,Regulation Of Photoreceptor Cell Differentiation GO:0046532,2.3424543651642162,7,0.0126442094816993,
GO:0005179,Hormone Activity GO:0005179,2.3422945099394705,23,0.002372887351897876,
GO:0045987,Positive Regulation Of Smooth Muscle Contraction GO:0045987,2.3408672780221536,14,0.0032524935991005434,
GO:2000020,Positive Regulation Of Male Gonad Development GO:2000020,2.3393905003500164,3,0.008003549238420782,
GO:0048644,Muscle Organ Morphogenesis GO:0048644,2.3372446384731083,38,2.260493408135242e-4,
GO:0035175,Histone H3s10 Kinase Activity GO:0035175,2.3358941286782975,3,0.008544016036521548,
GO:0009648,Photoperiodism GO:0009648,2.3336700595112236,19,0.0026488935806008797,
GO:0030278,Regulation Of Ossification GO:0030278,2.3335823753857947,61,3.291052142125829e-5,
GO:0048771,Tissue Remodeling GO:0048771,2.3299676855337856,61,3.608458110743974e-5,
GO:0098992,Neuronal Dense Core Vesicle GO:0098992,2.3293075256264655,20,0.0013277027952053112,
GO:0060602,Branch Elongation Of An Epithelium GO:0060602,2.323193883128218,11,0.008766696410095835,
GO:0072073,Kidney Epithelium Development GO:0072073,2.3231320824146224,84,1.1711239335472119e-6,
GO:0061323,Cell Proliferation Involved In Heart Morphogenesis GO:0061323,2.3221526971666826,3,0.010096666386721482,
GO:0043030,Regulation Of Macrophage Activation GO:0043030,2.3216593697708956,16,0.005113744341918841,
GO:0060420,Regulation Of Heart Growth GO:0060420,2.3208473295817265,51,5.697763002743529e-5,
GO:0003431,Growth Plate Cartilage Chondrocyte Development GO:0003431,2.3152337506181415,3,0.01084472117355937,
GO:0003430,Growth Plate Cartilage Chondrocyte Growth GO:0003430,2.3152337506181415,3,0.01084472117355937,
GO:0048844,Artery Morphogenesis GO:0048844,2.3119351940995925,43,1.927499520338578e-4,
GO:0061036,Positive Regulation Of Cartilage Development GO:0061036,2.3116370686319403,18,0.002602477105795547,
GO:0045939,Negative Regulation Of Steroid Metabolic Process GO:0045939,2.30928931341199,12,0.005849158551081301,
GO:0060415,Muscle Tissue Morphogenesis GO:0060415,2.302317062126757,34,5.416365719005839e-4,
GO:0061469,Regulation Of Type B Pancreatic Cell Proliferation GO:0061469,2.3021760040190733,10,0.00867480218081731,
GO:0010966,Regulation Of Phosphate Transport GO:0010966,2.3003881803622317,7,0.017086634350564425,
GO:0050927,Positive Regulation Of Positive Chemotaxis GO:0050927,2.299997325592825,12,0.006151266440524532,
GO:0008330,Protein Tyrosine/Threonine Phosphatase Activity GO:0008330,2.2994547069281697,10,0.009129178715296733,
GO:0061326,Renal Tubule Development GO:0061326,2.2970890489338074,50,8.634999169665598e-5,
GO:0038092,Nodal Signaling Pathway GO:0038092,2.2956155169652246,6,0.014835837541970362,
GO:0032060,Bleb Assembly GO:0032060,2.292666260737047,3,0.015043769435049122,
GO:1903753,Negative Regulation Of P38mapk Cascade GO:1903753,2.2889595794415554,4,0.015043769435049122,
GO:0072080,Nephron Tubule Development GO:0072080,2.2855731026219974,45,2.6201042759748565e-4,
GO:0009881,Photoreceptor Activity GO:0009881,2.2844929816431856,4,0.015523172488772902,
GO:0003278,Apoptotic Process Involved In Heart Morphogenesis GO:0003278,2.284145016918032,3,0.01609904975847187,
GO:0032692,Negative Regulation Of Interleukin-1 Production GO:0032692,2.2836902178108978,14,0.006091396238462682,
GO:0005163,Nerve Growth Factor Receptor Binding GO:0005163,2.283448553602516,3,0.01609904975847187,
GO:0008227,G Protein-Coupled Amine Receptor Activity GO:0008227,2.283335847556508,12,0.0067532024146376825,
GO:0061309,Cardiac Neural Crest Cell Development Involved In Outflow Tract Morphogenesis GO:0061309,2.282512011892544,8,0.00934394025076663,
GO:0061037,Negative Regulation Of Cartilage Development GO:0061037,2.280225950268515,13,0.004211839035080328,
GO:0003700,Dna-Binding Transcription Factor Activity GO:0003700,2.276716125232042,568,2.8757746800645015e-24,
GO:0002062,Chondrocyte Differentiation GO:0002062,2.2738520518312577,45,3.1099953124076655e-4,
GO:0072009,Nephron Epithelium Development GO:0072009,2.272014200685633,61,9.745564258525146e-5,
GO:0009612,Response To Mechanical Stimulus GO:0009612,2.26727304792725,168,2.240031184181803e-9,
GO:1903401,L-Lysine Transmembrane Transport GO:1903401,2.2659555237042044,5,0.028834851635123806,
GO:1903401,L-Lysine Transmembrane Transport GO:1903401,2.2659555237042044,5,0.028834851635123806,
GO:0015189,L-Lysine Transmembrane Transporter Activity GO:0015189,2.2659555237042044,5,0.028834851635123806,
GO:1902022,L-Lysine Transport GO:1902022,2.2659555237042044,5,0.028834851635123806,
GO:1902022,L-Lysine Transport GO:1902022,2.2659555237042044,5,0.028834851635123806,
GO:0055021,Regulation Of Cardiac Muscle Tissue Growth GO:0055021,2.264519981118878,49,3.035117515894978e-4,
GO:0002158,Osteoclast Proliferation GO:0002158,2.2640595834229846,3,0.020492198892404515,
GO:2000822,Regulation Of Behavioral Fear Response GO:2000822,2.263073968547699,9,0.026428494400471646,
GO:0060235,Lens Induction In Camera-Type Eye GO:0060235,2.2624703235722032,3,0.020744901535464294,
GO:0034224,Cellular Response To Zinc Ion Starvation GO:0034224,2.2620629299228576,6,0.017299564327409294,
GO:0120127,Response To Zinc Ion Starvation GO:0120127,2.2620629299228576,6,0.017299564327409294,
GO:1905330,Regulation Of Morphogenesis Of An Epithelium GO:1905330,2.2618661505154076,26,0.0013915569116205123,
GO:0055008,Cardiac Muscle Tissue Morphogenesis GO:0055008,2.258050997718112,32,0.0017024245636631328,
GO:0048018,Receptor Ligand Activity GO:0048018,2.2567704274009994,116,3.19244527866726e-7,
GO:0044022,Histone H3s28 Kinase Activity GO:0044022,2.2554623945752073,2,0.007400109603672416,
GO:1902871,Positive Regulation Of Amacrine Cell Differentiation GO:1902871,2.2532526164376723,3,0.022275428223317316,
GO:0045600,Positive Regulation Of Fat Cell Differentiation GO:0045600,2.2521719120099073,34,9.39965443574704e-4,
GO:0061333,Renal Tubule Morphogenesis GO:0061333,2.2520025402581085,38,6.473693833237346e-4,
GO:0000981,"Dna-Binding Transcription Factor Activity, Rna Polymerase Ii-Specific GO:0000981",2.2497527838843645,541,6.771676220205386e-23,
GO:2000849,Regulation Of Glucocorticoid Secretion GO:2000849,2.248393814825557,6,0.02005004606195311,
GO:0072011,Glomerular Endothelium Development GO:0072011,2.246698692580056,4,0.022512151920744558,
GO:0072144,Glomerular Mesangial Cell Development GO:0072144,2.246698692580056,4,0.022512151920744558,
GO:0072008,Glomerular Mesangial Cell Differentiation GO:0072008,2.246698692580056,4,0.022512151920744558,
GO:0072143,Mesangial Cell Development GO:0072143,2.246698692580056,4,0.022512151920744558,
GO:0072007,Mesangial Cell Differentiation GO:0072007,2.246698692580056,4,0.022512151920744558,
GO:1900127,Positive Regulation Of Hyaluronan Biosynthetic Process GO:1900127,2.246698692580056,4,0.022512151920744558,
GO:0051216,Cartilage Development GO:0051216,2.246011661369756,97,1.8909483800631445e-6,
GO:0014807,Regulation Of Somitogenesis GO:0014807,2.2411609061932127,4,0.024029429843788513,
GO:0015802,Basic Amino Acid Transport GO:0015802,2.240440454633403,8,0.014940180168916016,
GO:0045989,Positive Regulation Of Striated Muscle Contraction GO:0045989,2.2402537737019044,4,0.024188614923385133,
GO:0006357,Regulation Of Transcription By Rna Polymerase Ii GO:0006357,2.2391547795162277,555,1.0264892982878309e-22,
GO:0045668,Negative Regulation Of Osteoblast Differentiation GO:0045668,2.235641377295386,35,0.0016241206957404411,
GO:0042482,Positive Regulation Of Odontogenesis GO:0042482,2.2349801642880123,6,0.02427188151659787,
GO:1903352,L-Ornithine Transmembrane Transport GO:1903352,2.23467323696906,4,0.025755432253140247,
GO:0015822,Ornithine Transport GO:0015822,2.23467323696906,4,0.025755432253140247,
GO:0035497,Camp Response Element Binding GO:0035497,2.234418444745893,8,0.015649931654378477,
GO:0006940,Regulation Of Smooth Muscle Contraction GO:0006940,2.232622017748132,32,0.002152935132643484,
GO:0032967,Positive Regulation Of Collagen Biosynthetic Process GO:0032967,2.232145576493065,17,0.006268477236804651,
GO:0060532,Bronchus Cartilage Development GO:0060532,2.232132036213943,2,0.023559336848915723,
GO:0061145,Lung Smooth Muscle Development GO:0061145,2.232132036213943,2,0.023559336848915723,
GO:0043153,Entrainment Of Circadian Clock By Photoperiod GO:0043153,2.231040288205046,17,0.006268477236804651,
GO:0045669,Positive Regulation Of Osteoblast Differentiation GO:0045669,2.2306860031827385,43,7.496003533337171e-4,
GO:0040037,Negative Regulation Of Fibroblast Growth Factor Receptor Signaling Pathway GO:0040037,2.2302597356727367,16,0.009446810582763986,
GO:0004115,"3',5'-Cyclic-Amp Phosphodiesterase Activity GO:0004115",2.2276554310493726,14,0.011225256453926283,
GO:0047555,"3',5'-Cyclic-Gmp Phosphodiesterase Activity GO:0047555",2.2276554310493726,14,0.011225256453926283,
GO:0004114,"3',5'-Cyclic-Nucleotide Phosphodiesterase Activity GO:0004114",2.2276554310493726,14,0.011225256453926283,
GO:0060282,Positive Regulation Of Oocyte Development GO:0060282,2.2274659645416905,2,0.02689738176518278,
GO:0007254,Jnk Cascade GO:0007254,2.2265838238209716,5,0.03767010101358519,
GO:0003104,Positive Regulation Of Glomerular Filtration GO:0003104,2.224365703588206,4,0.027736452871560756,
GO:0003208,Cardiac Ventricle Morphogenesis GO:0003208,2.223462153191018,41,0.001113367678816387,
GO:0048865,Stem Cell Fate Commitment GO:0048865,2.223340971094975,4,0.027736452871560756,
GO:0015811,L-Cystine Transport GO:0015811,2.222420941116898,3,0.028834851635123806,
GO:0030546,Signaling Receptor Activator Activity GO:0030546,2.220436015126983,120,6.213921324728834e-7,
GO:0000978,Rna Polymerase Ii Cis-Regulatory Region Sequence-Specific Dna Binding GO:0000978,2.2190395828234974,496,4.292983024377547e-20,
GO:0002089,Lens Morphogenesis In Camera-Type Eye GO:0002089,2.218430104503676,14,0.012877217723232722,
GO:0035914,Skeletal Muscle Cell Differentiation GO:0035914,2.217519301662103,37,0.0019528027733350885,
GO:1904238,Pericyte Cell Differentiation GO:1904238,2.217077631389272,7,0.028356295626146645,
GO:0004705,Jun Kinase Activity GO:0004705,2.2163817878995467,3,0.03126546694166855,
GO:0032924,Activin Receptor Signaling Pathway GO:0032924,2.2163601344188444,16,0.009941078823864512,
GO:1902669,Positive Regulation Of Axon Guidance GO:1902669,2.2148974485389354,2,0.03707122659438584,
GO:0000987,Cis-Regulatory Region Sequence-Specific Dna Binding GO:0000987,2.2131667353493327,514,1.1535100788799216e-20,
GO:1905770,Regulation Of Mesodermal Cell Differentiation GO:1905770,2.2128413952342405,4,0.030082492124903507,
GO:0060043,Regulation Of Cardiac Muscle Cell Proliferation GO:0060043,2.212293633882015,32,0.002913616312690125,
GO:1904090,Peptidase Inhibitor Complex GO:1904090,2.2103796336169226,4,0.030493693291333907,
GO:2000342,Negative Regulation Of Chemokine (C-X-C Motif) Ligand 2 Production GO:2000342,2.210259825250258,2,0.0426825362311566,
GO:0001010,Rna Polymerase Ii Sequence-Specific Dna-Binding Transcription Factor Recruiting Activity GO:0001010,2.210259825250258,2,0.0426825362311566,
GO:0033280,Response To Vitamin D GO:0033280,2.20831471828654,21,0.009129178715296733,
GO:0035821,Modulation Of Process Of Another Organism GO:0035821,2.207926789414132,2,0.046512699857598795,
GO:0051712,Positive Regulation Of Killing Of Cells Of Another Organism GO:0051712,2.207926789414132,2,0.046512699857598795,
GO:0070960,Positive Regulation Of Neutrophil Mediated Cytotoxicity GO:0070960,2.207926789414132,2,0.046512699857598795,
GO:0070961,Positive Regulation Of Neutrophil Mediated Killing Of Symbiont Cell GO:0070961,2.207926789414132,2,0.046512699857598795,
GO:0051709,Regulation Of Killing Of Cells Of Another Organism GO:0051709,2.207926789414132,2,0.046512699857598795,
GO:0070948,Regulation Of Neutrophil Mediated Cytotoxicity GO:0070948,2.207926789414132,2,0.046512699857598795,
GO:0070949,Regulation Of Neutrophil Mediated Killing Of Symbiont Cell GO:0070949,2.207926789414132,2,0.046512699857598795,
GO:0140996,Histone H3 Kinase Activity GO:0140996,2.2068781592691944,8,0.019892432469907437,
GO:1902748,Positive Regulation Of Lens Fiber Cell Differentiation GO:1902748,2.2067602714960683,2,0.047208298163038474,
GO:0030522,Intracellular Receptor Signaling Pathway GO:0030522,2.206398816944504,31,0.0025245499017176134,
GO:0004879,Nuclear Receptor Activity GO:0004879,2.206398816944504,31,0.0025245499017176134,
GO:0048237,Rough Endoplasmic Reticulum Lumen GO:0048237,2.204718865139458,2,0.04789881336851367,
GO:0051412,Response To Corticosterone GO:0051412,2.2026065536224366,27,0.002957387074007271,
GO:0031708,Endothelin B Receptor Binding GO:0031708,2.201510940864784,2,0.04926481565912213,
GO:0051447,Negative Regulation Of Meiotic Cell Cycle GO:0051447,2.1995664841675038,11,0.02427188151659787,
GO:0045932,Negative Regulation Of Muscle Contraction GO:0045932,2.1992064465450314,16,0.011142669015065792,
GO:0098868,Bone Growth GO:0098868,2.1990612784092325,15,0.00982455788923988,
GO:0035813,Regulation Of Renal Sodium Excretion GO:0035813,2.198899929540953,3,0.03684284633404187,
GO:0120163,Negative Regulation Of Cold-Induced Thermogenesis GO:0120163,2.1984188041659185,23,0.007767440072381723,
GO:0005952,Camp-Dependent Protein Kinase Complex GO:0005952,2.197159348709942,7,0.035690595689150235,
GO:2000846,Regulation Of Corticosteroid Hormone Secretion GO:2000846,2.1966911135469185,8,0.021144696752332482,
GO:0048715,Negative Regulation Of Oligodendrocyte Differentiation GO:0048715,2.1956884085637043,10,0.024502610623134455,
GO:1903365,Regulation Of Fear Response GO:1903365,2.1944532580665137,10,0.025190590287397438,
GO:0030856,Regulation Of Epithelial Cell Differentiation GO:0030856,2.1926910133079027,85,2.3196547896990397e-5,
GO:0071295,Cellular Response To Vitamin GO:0071295,2.1920788275492638,14,0.015523172488772902,
GO:0045608,Negative Regulation Of Inner Ear Auditory Receptor Cell Differentiation GO:0045608,2.1919071861975152,3,0.039092534060214235,
GO:2000981,Negative Regulation Of Inner Ear Receptor Cell Differentiation GO:2000981,2.1919071861975152,3,0.039092534060214235,
GO:0045632,Negative Regulation Of Mechanoreceptor Differentiation GO:0045632,2.1919071861975152,3,0.039092534060214235,
GO:0001653,Peptide Receptor Activity GO:0001653,2.191735648942792,37,0.002625751650400644,
GO:0007386,Compartment Pattern Specification GO:0007386,2.191588869748702,3,0.0395082347832423,
GO:0090049,Regulation Of Cell Migration Involved In Sprouting Angiogenesis GO:0090049,2.1887805562561624,21,0.010455143977889906,
GO:0060281,Regulation Of Oocyte Development GO:0060281,2.188728666495953,3,0.040283052746892034,
GO:1905879,Regulation Of Oogenesis GO:1905879,2.188728666495953,3,0.040283052746892034,
GO:0032330,Regulation Of Chondrocyte Differentiation GO:0032330,2.18806392166115,24,0.00982455788923988,
GO:0014031,Mesenchymal Cell Development GO:0014031,2.1864154391488624,4,0.03646086725834995,
GO:0030545,Signaling Receptor Regulator Activity GO:0030545,2.185564816553846,132,1.0895687263757287e-6,
GO:0002763,Positive Regulation Of Myeloid Leukocyte Differentiation GO:0002763,2.184833016483774,26,0.002579068803705909,
GO:0061035,Regulation Of Cartilage Development GO:0061035,2.184440507073659,34,0.002372887351897876,
GO:0008528,G Protein-Coupled Peptide Receptor Activity GO:0008528,2.1829779114092767,36,0.0023973061997584616,
GO:0010894,Negative Regulation Of Steroid Biosynthetic Process GO:0010894,2.1828522229835707,11,0.025755432253140247,
GO:0072088,Nephron Epithelium Morphogenesis GO:0072088,2.1822197232129437,33,0.001967849212512874,
GO:0072078,Nephron Tubule Morphogenesis GO:0072078,2.1822197232129437,33,0.001967849212512874,
GO:0060638,Mesenchymal-Epithelial Cell Signaling GO:0060638,2.181307004431795,4,0.03835996868109163,
GO:0071347,Cellular Response To Interleukin-1 GO:0071347,2.1804842446274804,52,6.753655384417477e-4,
GO:0060411,Cardiac Septum Morphogenesis GO:0060411,2.1796352768956204,45,0.0011727989422355579,
GO:0043117,Positive Regulation Of Vascular Permeability GO:0043117,2.17888664992488,11,0.02689738176518278,
GO:0055010,Ventricular Cardiac Muscle Tissue Morphogenesis GO:0055010,2.1778011437695377,26,0.002957387074007271,
GO:2000241,Regulation Of Reproductive Process GO:2000241,2.176766867013112,80,5.450800079253098e-5,
GO:0060421,Positive Regulation Of Heart Growth GO:0060421,2.1705762737250756,28,0.005441080852655879,
GO:0042056,Chemoattractant Activity GO:0042056,2.1679866290689445,12,0.01662513393358469,
GO:0050918,Positive Chemotaxis GO:0050918,2.1679866290689445,12,0.01662513393358469,
GO:1905332,Positive Regulation Of Morphogenesis Of An Epithelium GO:1905332,2.165773921407891,16,0.01322023378033451,
GO:2000737,Negative Regulation Of Stem Cell Differentiation GO:2000737,2.1635631627674186,21,0.01322023378033451,
GO:0030199,Collagen Fibril Organization GO:0030199,2.161633238336907,25,0.006614070417931625,
GO:0071385,Cellular Response To Glucocorticoid Stimulus GO:0071385,2.160665706956263,56,0.0010446773216202193,
GO:0060298,Positive Regulation Of Sarcomere Organization GO:0060298,2.1596939526623795,4,0.0446217994053953,
GO:0003206,Cardiac Chamber Morphogenesis GO:0003206,2.159315477148963,76,5.450800079253098e-5,
GO:0050819,Negative Regulation Of Coagulation GO:0050819,2.1590384002848895,9,0.04926481565912213,
GO:0140353,Lipid Export From Cell GO:0140353,2.1585923535656235,4,0.044952563126741826,
GO:0045117,Azole Transmembrane Transport GO:0045117,2.1546180610444305,4,0.047208298163038474,
GO:0032652,Regulation Of Interleukin-1 Production GO:0032652,2.1544906214401442,38,0.002152935132643484,
GO:0050679,Positive Regulation Of Epithelial Cell Proliferation GO:0050679,2.151258274204476,103,5.659672829793017e-6,
GO:0003158,Endothelium Development GO:0003158,2.1506336582090957,63,6.978420373371527e-4,
GO:0002761,Regulation Of Myeloid Leukocyte Differentiation GO:0002761,2.1461102068677906,61,7.496003533337171e-4,
GO:0007186,G Protein-Coupled Receptor Signaling Pathway GO:0007186,2.142342034236735,111,1.2990832484238394e-5,
GO:0030858,Positive Regulation Of Epithelial Cell Differentiation GO:0030858,2.141967567482252,32,0.006151266440524532,
GO:0001569,Branching Involved In Blood Vessel Morphogenesis GO:0001569,2.141111693428179,22,0.014940180168916016,
GO:0004930,G Protein-Coupled Receptor Activity GO:0004930,2.1398666048525667,109,6.823046076042536e-6,
GO:0061448,Connective Tissue Development GO:0061448,2.138834596062904,140,4.979044679154365e-7,
GO:0003401,Axis Elongation GO:0003401,2.138049865110699,16,0.01609904975847187,
GO:0098531,Ligand-Activated Transcription Factor Activity GO:0098531,2.133576993452312,32,0.0067532024146376825,
GO:0005109,Frizzled Binding GO:0005109,2.1333804200547632,18,0.012785276388916328,
GO:0000977,Rna Polymerase Ii Transcription Regulatory Region Sequence-Specific Dna Binding GO:0000977,2.131358345095767,578,8.443509284941134e-20,
GO:0010453,Regulation Of Cell Fate Commitment GO:0010453,2.130470064353719,13,0.017299564327409294,
GO:0031983,Vesicle Lumen GO:0031983,2.1304601476298406,8,0.03166936449190404,
GO:0007189,Adenylate Cyclase-Activating G Protein-Coupled Receptor Signaling Pathway GO:0007189,2.1242984692195743,49,0.0019528027733350885,
GO:0072028,Nephron Morphogenesis GO:0072028,2.1220314107519362,34,0.004613544779534488,
GO:0010714,Positive Regulation Of Collagen Metabolic Process GO:0010714,2.119094694578112,18,0.015432773352648588,
GO:0055023,Positive Regulation Of Cardiac Muscle Tissue Growth GO:0055023,2.114713568571824,27,0.007846492128851466,
GO:0045598,Regulation Of Fat Cell Differentiation GO:0045598,2.1108488364531786,70,3.035117515894978e-4,
GO:0046885,Regulation Of Hormone Biosynthetic Process GO:0046885,2.1089989055523453,17,0.020492198892404515,
GO:1903708,Positive Regulation Of Hemopoiesis GO:1903708,2.108344131705309,64,4.564172336014662e-4,
GO:1902107,Positive Regulation Of Leukocyte Differentiation GO:1902107,2.108344131705309,64,4.564172336014662e-4,
GO:0070168,Negative Regulation Of Biomineral Tissue Development GO:0070168,2.1068101738938383,8,0.03646086725834995,
GO:0040020,Regulation Of Meiotic Nuclear Division GO:0040020,2.1041892763605614,18,0.016842300907989338,
GO:0004112,Cyclic-Nucleotide Phosphodiesterase Activity GO:0004112,2.1041588181609945,15,0.020305134389248296,
GO:0060571,Morphogenesis Of An Epithelial Fold GO:0060571,2.1039679356924985,8,0.03767010101358519,
GO:0007165,Signal Transduction GO:0007165,2.100670736262986,411,1.422879448902239e-14,
GO:0045604,Regulation Of Epidermal Cell Differentiation GO:0045604,2.09706560181234,24,0.01940803953846457,
GO:0009954,Proximal/Distal Pattern Formation GO:0009954,2.0953569742877476,15,0.020962639997860764,
GO:0060840,Artery Development GO:0060840,2.0911482601952933,65,4.511989824491825e-4,
GO:0007154,Cell Communication GO:0007154,2.085181504746136,420,1.050909667163976e-13,
GO:0071837,Hmg Box Domain Binding GO:0071837,2.08515979821163,16,0.02288439840562826,
GO:2000630,Positive Regulation Of Mirna Metabolic Process GO:2000630,2.0849088072297834,43,0.00449376269449732,
GO:0061005,Cell Differentiation Involved In Kidney Development GO:0061005,2.0840777670140693,29,0.0089314080167744,
GO:0045664,Regulation Of Neuron Differentiation GO:0045664,2.0823587552596323,125,2.1393272867843944e-5,
GO:0021536,Diencephalon Development GO:0021536,2.0822256360564864,49,0.00342497348881608,
GO:0034699,Response To Luteinizing Hormone GO:0034699,2.0819936136210435,8,0.0426825362311566,
GO:1902895,Positive Regulation Of Mirna Transcription GO:1902895,2.0812415173787433,37,0.00873027108330871,
GO:0060525,Prostate Glandular Acinus Development GO:0060525,2.0802490526736874,8,0.04297521374606327,
GO:0051384,Response To Glucocorticoid GO:0051384,2.07979327730999,126,1.4614917359765318e-5,
GO:0030857,Negative Regulation Of Epithelial Cell Differentiation GO:0030857,2.0775795102166117,26,0.008618857159906861,
GO:0007623,Circadian Rhythm GO:0007623,2.0764854166610283,107,3.321187222224609e-5,
GO:0002067,Glandular Epithelial Cell Differentiation GO:0002067,2.0756597074076533,42,0.004269816292310313,
GO:0050673,Epithelial Cell Proliferation GO:0050673,2.075317664866247,102,6.38641889746521e-5,
GO:0004707,Map Kinase Activity GO:0004707,2.0742324041796207,16,0.025755432253140247,
GO:0035315,Hair Cell Differentiation GO:0035315,2.072916104922127,30,0.008123517909778478,
GO:0035909,Aorta Morphogenesis GO:0035909,2.0727421783278044,18,0.022275428223317316,
GO:0032965,Regulation Of Collagen Biosynthetic Process GO:0032965,2.071457233651562,26,0.00873027108330871,
GO:0023052,Signaling GO:0023052,2.070466921036552,418,6.92220161419744e-14,
GO:0033689,Negative Regulation Of Osteoblast Proliferation GO:0033689,2.0693833343876427,8,0.046512699857598795,
GO:0001649,Osteoblast Differentiation GO:0001649,2.069311125066624,63,0.002152935132643484,
GO:1902692,Regulation Of Neuroblast Proliferation GO:1902692,2.063022678264043,33,0.007688035906387198,
GO:0034237,Protein Kinase A Regulatory Subunit Binding GO:0034237,2.0627494036179175,16,0.02689738176518278,
GO:0071384,Cellular Response To Corticosteroid Stimulus GO:0071384,2.0627210558632845,62,0.0019435660265260935,
GO:0051445,Regulation Of Meiotic Cell Cycle GO:0051445,2.062632970199799,32,0.012877217723232722,
GO:0061383,Trabecula Morphogenesis GO:0061383,2.062585289607973,27,0.013792163684541442,
GO:0032496,Response To Lipopolysaccharide GO:0032496,2.0596421306920423,161,1.5197796956120137e-6,
GO:0046620,Regulation Of Organ Growth GO:0046620,2.0595642712672135,65,7.539025521961528e-4,
GO:0060562,Epithelial Tube Morphogenesis GO:0060562,2.05411603838032,190,4.779924058087825e-7,
GO:0051385,Response To Mineralocorticoid GO:0051385,2.053037581563866,47,0.0063406332372287245,
GO:0060541,Respiratory System Development GO:0060541,2.052848819675649,153,2.5262135471998445e-6,
GO:0001217,Dna-Binding Transcription Repressor Activity GO:0001217,2.052715328962624,159,9.462509716288724e-7,
GO:0001709,Cell Fate Determination GO:0001709,2.0503638678812366,24,0.028130769951111165,
GO:0003151,Outflow Tract Morphogenesis GO:0003151,2.048192599483511,45,0.0045261939370021525,
GO:0035173,Histone Kinase Activity GO:0035173,2.044729898653731,16,0.030493693291333907,
GO:0001227,"Dna-Binding Transcription Repressor Activity, Rna Polymerase Ii-Specific GO:0001227",2.0441416726539217,157,3.5596377426268515e-6,
GO:0000122,Negative Regulation Of Transcription By Rna Polymerase Ii GO:0000122,2.0441416726539217,157,3.5596377426268515e-6,
GO:0048546,Digestive Tract Morphogenesis GO:0048546,2.0435580342541133,25,0.01825251954731553,
GO:0002009,Morphogenesis Of An Epithelium GO:0002009,2.0431949792419695,266,8.426491081261027e-9,
GO:0048729,Tissue Morphogenesis GO:0048729,2.041718166377291,313,4.1007876304729574e-10,
GO:0043502,Regulation Of Muscle Adaptation GO:0043502,2.0412627401201635,58,0.00342497348881608,
GO:0070555,Response To Interleukin-1 GO:0070555,2.0385806812702008,69,0.001060045732889675,
GO:0030901,Midbrain Development GO:0030901,2.0376188469379692,25,0.01875090230254851,
GO:2000243,Positive Regulation Of Reproductive Process GO:2000243,2.03670099974622,44,0.007071911439096656,
GO:0098636,Protein Complex Involved In Cell Adhesion GO:0098636,2.03490140504361,13,0.03707122659438584,
GO:0032870,Cellular Response To Hormone Stimulus GO:0032870,2.034662256368532,18,0.028130769951111165,
GO:0009725,Response To Hormone GO:0009725,2.034662256368532,18,0.028130769951111165,
GO:0070167,Regulation Of Biomineral Tissue Development GO:0070167,2.034272796589585,41,0.00982455788923988,
GO:1904705,Regulation Of Vascular Associated Smooth Muscle Cell Proliferation GO:1904705,2.033543294777688,42,0.007220381945383069,
GO:0030595,Leukocyte Chemotaxis GO:0030595,2.032286575461239,37,0.01403694487987308,
GO:0070169,Positive Regulation Of Biomineral Tissue Development GO:0070169,2.031768679931588,27,0.01754024642618686,
GO:2000027,Regulation Of Animal Organ Morphogenesis GO:2000027,2.031468168974817,50,0.006151266440524532,
GO:0042491,Inner Ear Auditory Receptor Cell Differentiation GO:0042491,2.031120518165794,27,0.01754024642618686,
GO:0032720,Negative Regulation Of Tumor Necrosis Factor Production GO:0032720,2.03037026060458,22,0.03767010101358519,
GO:1903556,Negative Regulation Of Tumor Necrosis Factor Superfamily Cytokine Production GO:1903556,2.03037026060458,22,0.03767010101358519,
GO:0048511,Rhythmic Process GO:0048511,2.0299328698040435,181,4.779924058087825e-7,
GO:0032651,Regulation Of Interleukin-1 Beta Production GO:0032651,2.029657969699239,30,0.01301678886081977,
GO:2000351,Regulation Of Endothelial Cell Apoptotic Process GO:2000351,2.029161005176892,22,0.03835996868109163,
GO:0010611,Regulation Of Cardiac Muscle Hypertrophy GO:0010611,2.0288520675660346,47,0.00754504108215875,
GO:0005251,Delayed Rectifier Potassium Channel Activity GO:0005251,2.0281551530860393,12,0.04621032702623751,
GO:0045165,Cell Fate Commitment GO:0045165,2.0280106079910154,137,1.65004998597393e-5,
GO:0001067,Transcription Regulatory Region Nucleic Acid Binding GO:0001067,2.0277491131440772,649,9.145422244519088e-18,
GO:0007566,Embryo Implantation GO:0007566,2.0274366717843084,28,0.01966716023830049,
GO:0050795,Regulation Of Behavior GO:0050795,2.027102419335579,52,0.00449376269449732,
GO:0060221,Retinal Rod Cell Differentiation GO:0060221,2.026613703692564,13,0.03835996868109163,
GO:0008138,Protein Tyrosine/Serine/Threonine Phosphatase Activity GO:0008138,2.0262296559682746,19,0.029627059372374653,
GO:0000976,Transcription Cis-Regulatory Region Binding GO:0000976,2.025640940735406,644,4.450900283444686e-17,
GO:0042490,Mechanoreceptor Differentiation GO:0042490,2.0231438122664898,47,0.008063797234918936,
GO:0060045,Positive Regulation Of Cardiac Muscle Cell Proliferation GO:0060045,2.0219222621694173,18,0.03166936449190404,
GO:0001938,Positive Regulation Of Endothelial Cell Proliferation GO:0001938,2.0201047863979036,47,0.008277315005880418,
GO:0035239,Tube Morphogenesis GO:0035239,2.019292906960292,357,9.148661555556392e-11,
GO:0090030,Regulation Of Steroid Hormone Biosynthetic Process GO:0090030,2.0192268674452576,12,0.04982036227361905,
GO:1990837,Sequence-Specific Double-Stranded Dna Binding GO:1990837,2.0188184811739727,672,3.054749535568204e-17,
GO:0014014,Negative Regulation Of Gliogenesis GO:0014014,2.01684887194245,31,0.01798617065697175,
GO:0051716,Cellular Response To Stimulus GO:0051716,2.0160197829564668,437,1.5813786874988036e-12,
GO:0042246,Tissue Regeneration GO:0042246,2.014773761130564,51,0.005771789579999227,
GO:0060412,Ventricular Septum Morphogenesis GO:0060412,2.012658659572094,29,0.017086634350564425,
GO:0001503,Ossification GO:0001503,2.0122620870040735,126,6.621391432588007e-5,
GO:0048662,Negative Regulation Of Smooth Muscle Cell Proliferation GO:0048662,2.0114992713744324,32,0.02005004606195311,
GO:0090257,Regulation Of Muscle System Process GO:0090257,2.0113213332563253,125,9.276940557982155e-5,
GO:0043535,Regulation Of Blood Vessel Endothelial Cell Migration GO:0043535,2.011296204448509,52,0.005535086835114659,
GO:0003156,Regulation Of Animal Organ Formation GO:0003156,2.009697512956761,13,0.0446217994053953,
GO:0050896,Response To Stimulus GO:0050896,2.0072483229794953,439,9.628065882917002e-13,
GO:0032350,Regulation Of Hormone Metabolic Process GO:0032350,2.0068000244576325,22,0.044123972687790745,
GO:0030323,Respiratory Tube Development GO:0030323,2.005729180441701,140,1.2516601028417695e-5,
GO:0001944,Vasculature Development GO:0001944,2.0046277514903243,286,1.1840199839725059e-8,
GO:0060443,Mammary Gland Morphogenesis GO:0060443,2.0042673770925217,28,0.02473263631635918,
GO:0030312,External Encapsulating Structure GO:0030312,2.0036281477315465,129,5.292244447278624e-5,
GO:0031012,Extracellular Matrix GO:0031012,2.0036281477315465,129,5.292244447278624e-5,
GO:0002237,Response To Molecule Of Bacterial Origin GO:0002237,2.003598728200216,167,6.823046076042536e-6,
GO:1902893,Regulation Of Mirna Transcription GO:1902893,2.0028461562825,49,0.008123517909778478,
GO:1901653,Cellular Response To Peptide GO:1901653,2.0026033091351536,15,0.0446217994053953,
GO:0048663,Neuron Fate Commitment GO:0048663,2.001369645835681,50,0.008411531411780837,
GO:0048514,Blood Vessel Morphogenesis GO:0048514,2.0004776829868596,209,5.296647502852486e-7,
GO:0003044,Regulation Of Systemic Arterial Blood Pressure Mediated By A Chemical Signal GO:0003044,2.0002901662429653,15,0.0446217994053953,
GO:0043537,Negative Regulation Of Blood Vessel Endothelial Cell Migration GO:0043537,1.9996223536521147,17,0.046512699857598795,
GO:0042562,Hormone Binding GO:0042562,1.9914868972616733,35,0.024188614923385133,
GO:0044060,Regulation Of Endocrine Process GO:0044060,1.990979907706673,23,0.0446217994053953,
GO:0060674,Placenta Blood Vessel Development GO:0060674,1.9902488247507861,27,0.024188614923385133,
GO:0030324,Lung Development GO:0030324,1.9900907195088637,139,3.480497767949962e-5,
GO:0045661,Regulation Of Myoblast Differentiation GO:0045661,1.9874023389245707,25,0.02689738176518278,
GO:0061050,Regulation Of Cell Growth Involved In Cardiac Muscle Cell Development GO:0061050,1.986804133809192,19,0.03992283437679411,
GO:0045599,Negative Regulation Of Fat Cell Differentiation GO:0045599,1.9857585524140389,28,0.028356295626146645,
GO:0002066,Columnar/Cuboidal Epithelial Cell Development GO:0002066,1.985076154109304,31,0.024029429843788513,
GO:0050678,Regulation Of Epithelial Cell Proliferation GO:0050678,1.9849534603141694,187,1.1711239335472119e-6,
GO:0060993,Kidney Morphogenesis GO:0060993,1.984119615995618,42,0.011885333041208136,
GO:0031045,Dense Core Granule GO:0031045,1.9840988388950038,27,0.02427188151659787,
GO:2000179,Positive Regulation Of Neural Precursor Cell Proliferation GO:2000179,1.9828424749669027,41,0.015505935005535059,
GO:0001974,Blood Vessel Remodeling GO:0001974,1.9817254502588462,28,0.028834851635123806,
GO:0046849,Bone Remodeling GO:0046849,1.9816878600157257,23,0.046512699857598795,
GO:0050900,Leukocyte Migration GO:0050900,1.9809621659267722,76,0.0013915569116205123,
GO:0002040,Sprouting Angiogenesis GO:0002040,1.9784113940204497,30,0.019148055185802575,
GO:0045682,Regulation Of Epidermis Development GO:0045682,1.976702572391721,27,0.026571948324648598,
GO:0035850,Epithelial Cell Differentiation Involved In Kidney Development GO:0035850,1.9763613808876055,25,0.029211656224071715,
GO:0060603,Mammary Gland Duct Morphogenesis GO:0060603,1.9750249065010228,20,0.03744793578717059,
GO:0050794,Regulation Of Cellular Process GO:0050794,1.974880674076717,1261,3.2881760281683053e-26,
GO:0045666,Positive Regulation Of Neuron Differentiation GO:0045666,1.9721896607180986,58,0.007138296975201341,
GO:0048565,Digestive Tract Development GO:0048565,1.9719540062223349,76,0.0015395575105656013,
GO:0072091,Regulation Of Stem Cell Proliferation GO:0072091,1.9718198449977824,54,0.009446810582763986,
GO:0009649,Entrainment Of Circadian Clock GO:0009649,1.9712393366989476,19,0.0446217994053953,
GO:0071495,Cellular Response To Endogenous Stimulus GO:0071495,1.9704032282930746,32,0.028659528430681563,
GO:0009719,Response To Endogenous Stimulus GO:0009719,1.9704032282930746,32,0.028659528430681563,
GO:0045670,Regulation Of Osteoclast Differentiation GO:0045670,1.9694126216061654,38,0.015523172488772902,
GO:0141156,Camp/Pka Signal Transduction GO:0141156,1.9685492685190775,1,0.00934394025076663,
GO:0021538,Epithalamus Development GO:0021538,1.968296209093892,1,0.01590362471057248,
GO:0021986,Habenula Development GO:0021986,1.968296209093892,1,0.01590362471057248,
GO:0033273,Response To Vitamin GO:0033273,1.9679543503348593,67,0.0022036466318352717,
GO:0031703,Type 2 Angiotensin Receptor Binding GO:0031703,1.9677900902435206,1,0.0262442198001719,
GO:0014743,Regulation Of Muscle Hypertrophy GO:0014743,1.9676122350091965,48,0.010455143977889906,
GO:0046622,Positive Regulation Of Organ Growth GO:0046622,1.967427234798778,31,0.028356295626146645,
GO:0021569,Rhombomere 3 Development GO:0021569,1.966271733692407,1,0.0446217994053953,
GO:0021660,Rhombomere 3 Formation GO:0021660,1.966271733692407,1,0.0446217994053953,
GO:0021658,Rhombomere 3 Morphogenesis GO:0021658,1.966271733692407,1,0.0446217994053953,
GO:0021659,Rhombomere 3 Structural Organization GO:0021659,1.966271733692407,1,0.0446217994053953,
GO:0021666,Rhombomere 5 Formation GO:0021666,1.966271733692407,1,0.0446217994053953,
GO:0021664,Rhombomere 5 Morphogenesis GO:0021664,1.966271733692407,1,0.0446217994053953,
GO:0021665,Rhombomere 5 Structural Organization GO:0021665,1.966271733692407,1,0.0446217994053953,
GO:0021594,Rhombomere Formation GO:0021594,1.966271733692407,1,0.0446217994053953,
GO:0021593,Rhombomere Morphogenesis GO:0021593,1.966271733692407,1,0.0446217994053953,
GO:0021595,Rhombomere Structural Organization GO:0021595,1.966271733692407,1,0.0446217994053953,
GO:0006937,Regulation Of Muscle Contraction GO:0006937,1.9662283180954168,76,0.0016365747376499628,
GO:0031960,Response To Corticosteroid GO:0031960,1.9660180766893487,143,5.8498145082289235e-5,
GO:0043565,Sequence-Specific Dna Binding GO:0043565,1.9639920011104284,730,1.3565664938396425e-16,
GO:0035270,Endocrine System Development GO:0035270,1.9634254317443138,73,0.002228778666174844,
GO:1904019,Epithelial Cell Apoptotic Process GO:1904019,1.9633975135279704,33,0.022512151920744558,
GO:0106310,Protein Serine Kinase Activity GO:0106310,1.9627362061961153,139,4.9689484992526443e-5,
GO:0050789,Regulation Of Biological Process GO:0050789,1.9615174533542985,1276,1.8285593756063125e-25,
GO:0010712,Regulation Of Collagen Metabolic Process GO:0010712,1.9611493792178627,29,0.027736452871560756,
GO:0046888,Negative Regulation Of Hormone Secretion GO:0046888,1.960622809990504,45,0.010586027511530907,
GO:0001525,Angiogenesis GO:0001525,1.9594926203693783,151,3.8105581580367614e-5,
GO:0004521,Rna Endonuclease Activity GO:0004521,1.9594394419849288,32,0.030902587755988444,
GO:0042752,Regulation Of Circadian Rhythm GO:0042752,1.958495472796907,68,0.0017971706675208837,
GO:0001570,Vasculogenesis GO:0001570,1.9566145318161141,41,0.02005004606195311,
GO:0003229,Ventricular Cardiac Muscle Tissue Development GO:0003229,1.9553565430378002,38,0.01798617065697175,
GO:0045665,Negative Regulation Of Neuron Differentiation GO:0045665,1.9522398993554106,51,0.010455143977889906,
GO:0065007,Biological Regulation GO:0065007,1.9471871903717255,1328,1.1707935963345162e-25,
GO:0071496,Cellular Response To External Stimulus GO:0071496,1.9467520209284241,52,0.010364430144040123,
GO:0071260,Cellular Response To Mechanical Stimulus GO:0071260,1.9467520209284241,52,0.010364430144040123,
GO:1901342,Regulation Of Vasculature Development GO:1901342,1.9447502092610174,134,1.0896042998518006e-4,
GO:0003205,Cardiac Chamber Development GO:0003205,1.9431780176649205,108,6.056789505375712e-4,
GO:0051785,Positive Regulation Of Nuclear Division GO:0051785,1.942738616510671,26,0.022512151920744558,
GO:0003143,Embryonic Heart Tube Morphogenesis GO:0003143,1.9423618345300349,35,0.03646086725834995,
GO:0007160,Cell-Matrix Adhesion GO:0007160,1.9418448774196162,47,0.01848674111324297,
GO:0002065,Columnar/Cuboidal Epithelial Cell Differentiation GO:0002065,1.941794866253923,74,0.002421583083389487,
GO:0043583,Ear Development GO:0043583,1.940546678577445,128,1.8621829439946752e-4,
GO:0019219,Regulation Of Nucleobase-Containing Compound Metabolic Process GO:0019219,1.939560502752541,790,4.334046866027148e-17,
GO:0051252,Regulation Of Rna Metabolic Process GO:0051252,1.939560502752541,790,4.334046866027148e-17,
GO:0051155,Positive Regulation Of Striated Muscle Cell Differentiation GO:0051155,1.9380351113353094,29,0.03126546694166855,
GO:0001936,Regulation Of Endothelial Cell Proliferation GO:0001936,1.9355696739980097,66,0.005265855709439148,
GO:0006355,Regulation Of Dna-Templated Transcription GO:0006355,1.934591469381742,789,8.389990451894412e-17,
GO:2001141,Regulation Of Rna Biosynthetic Process GO:2001141,1.934591469381742,789,8.389990451894412e-17,
GO:0003690,Double-Stranded Dna Binding GO:0003690,1.9337810766583106,719,1.0946105365796837e-15,
GO:0007517,Muscle Organ Development GO:0007517,1.9322405321843155,153,6.148821166180357e-5,
GO:0072001,Renal System Development GO:0072001,1.931476645468286,206,9.608157406405652e-6,
GO:0001568,Blood Vessel Development GO:0001568,1.9308605461172355,266,6.273075496579688e-7,
GO:0045778,Positive Regulation Of Ossification GO:0045778,1.9298799799391577,29,0.033841508463661595,
GO:0046332,Smad Binding GO:0046332,1.9277542424040042,57,0.011885333041208136,
GO:0002064,Epithelial Cell Development GO:0002064,1.9238706161569843,123,2.858169878818161e-4,
GO:0048066,Developmental Pigmentation GO:0048066,1.9238317481808225,28,0.044123972687790745,
GO:0048839,Inner Ear Development GO:0048839,1.9227507088205145,114,8.59427940577051e-4,
GO:0072006,Nephron Development GO:0072006,1.9215756356265157,80,0.0031505457781615884,
GO:0007188,Adenylate Cyclase-Modulating G Protein-Coupled Receptor Signaling Pathway GO:0007188,1.9209000946827965,81,0.002702439742037756,
GO:0001947,Heart Looping GO:0001947,1.9193591841406763,29,0.039092534060214235,
GO:0001707,Mesoderm Formation GO:0001707,1.9180243143168725,37,0.03767010101358519,
GO:0021545,Cranial Nerve Development GO:0021545,1.9160804330306582,37,0.03835996868109163,
GO:0048545,Response To Steroid Hormone GO:0048545,1.9159218251955141,205,1.2462939199099616e-5,
GO:0060326,Cell Chemotaxis GO:0060326,1.9106798353004901,62,0.011619277541462294,
GO:0009913,Epidermal Cell Differentiation GO:0009913,1.9087611838262246,67,0.004269816292310313,
GO:0044703,Multi-Organism Reproductive Process GO:0044703,1.908747931724243,125,4.3677117741762825e-4,
GO:0060021,Roof Of Mouth Development GO:0060021,1.9060943076802597,57,0.015505935005535059,
GO:0010721,Negative Regulation Of Cell Development GO:0010721,1.9057099144020797,150,1.8090782392387737e-4,
GO:0071548,Response To Dexamethasone GO:0071548,1.9046520122881578,45,0.020492198892404515,
GO:0045446,Endothelial Cell Differentiation GO:0045446,1.9037352949329172,55,0.018982272671747312,
GO:0062014,Negative Regulation Of Small Molecule Metabolic Process GO:0062014,1.9027003859507796,47,0.025755432253140247,
GO:0009617,Response To Bacterium GO:0009617,1.9006030174100415,223,8.368033374437737e-6,
GO:0045596,Negative Regulation Of Cell Differentiation GO:0045596,1.8992758597311836,355,7.619956409919256e-9,
GO:0032922,Circadian Regulation Of Gene Expression GO:0032922,1.8978014526726859,47,0.026571948324648598,
GO:2000628,Regulation Of Mirna Metabolic Process GO:2000628,1.8977611072304235,60,0.006195640556083781,
GO:0050921,Positive Regulation Of Chemotaxis GO:0050921,1.8940593927033473,69,0.006091396238462682,
GO:0090101,Negative Regulation Of Transmembrane Receptor Protein Serine/Threonine Kinase Signaling Pathway GO:0090101,1.893991499923936,64,0.00956756363713381,
GO:0045935,Positive Regulation Of Nucleobase-Containing Compound Metabolic Process GO:0045935,1.8933289120051375,385,6.671613396076559e-9,
GO:0051254,Positive Regulation Of Rna Metabolic Process GO:0051254,1.8933289120051375,385,6.671613396076559e-9,
GO:0051145,Smooth Muscle Cell Differentiation GO:0051145,1.8931060307148635,27,0.04789881336851367,
GO:0140110,Transcription Regulator Activity GO:0140110,1.8920850492293637,819,1.1271722082621248e-15,
GO:0002088,Lens Development In Camera-Type Eye GO:0002088,1.8916158355832466,46,0.026571948324648598,
GO:0007565,Female Pregnancy GO:0007565,1.8900540669732873,122,6.473693833237346e-4,
GO:0045765,Regulation Of Angiogenesis GO:0045765,1.8895239676171345,130,4.2767261753794014e-4,
GO:0030500,Regulation Of Bone Mineralization GO:0030500,1.8894085958672244,33,0.043378281564841345,
GO:0032642,Regulation Of Chemokine Production GO:0032642,1.8886095241071539,34,0.04297521374606327,
GO:0070888,E-Box Binding GO:0070888,1.8865609872436038,31,0.04982036227361905,
GO:0034103,Regulation Of Tissue Remodeling GO:0034103,1.8863114662020137,36,0.04982036227361905,
GO:0048660,Regulation Of Smooth Muscle Cell Proliferation GO:0048660,1.8847159285598682,96,0.001988683484317522,
GO:0045637,Regulation Of Myeloid Cell Differentiation GO:0045637,1.8846958798147329,106,0.0012764279550228107,
GO:0062023,Collagen-Containing Extracellular Matrix GO:0062023,1.8834653474855203,87,0.004656885962105783,
GO:0003179,Heart Valve Morphogenesis GO:0003179,1.8831438357374122,30,0.04446586590179519,
GO:0045893,Positive Regulation Of Dna-Templated Transcription GO:0045893,1.883077793451938,384,1.266101843208068e-8,
GO:1902680,Positive Regulation Of Rna Biosynthetic Process GO:1902680,1.883077793451938,384,1.266101843208068e-8,
GO:0035295,Tube Development GO:0035295,1.88264056429117,512,2.1763396630901762e-10,
GO:0043536,Positive Regulation Of Blood Vessel Endothelial Cell Migration GO:0043536,1.8826282026267145,34,0.0446217994053953,
GO:0071396,Cellular Response To Lipid GO:0071396,1.8815422227876535,287,1.9560712224091534e-7,
GO:0045595,Regulation Of Cell Differentiation GO:0045595,1.8814122982454664,786,5.400055788533396e-15,
GO:0035265,Organ Growth GO:0035265,1.8804395396706417,70,0.009941078823864512,
GO:0045944,Positive Regulation Of Transcription By Rna Polymerase Ii GO:0045944,1.8793450038337984,667,5.45381140588182e-13,
GO:0045685,Regulation Of Glial Cell Differentiation GO:0045685,1.878349957216434,48,0.02427188151659787,
GO:0051055,Negative Regulation Of Lipid Biosynthetic Process GO:0051055,1.8750888289131984,26,0.03744793578717059,
GO:0003014,Renal System Process GO:0003014,1.8723436491396177,57,0.02271682215325259,
GO:0009891,Positive Regulation Of Biosynthetic Process GO:0009891,1.870136670816941,389,7.740888634702492e-9,
GO:0031328,Positive Regulation Of Cellular Biosynthetic Process GO:0031328,1.870136670816941,389,7.740888634702492e-9,
GO:0031325,Positive Regulation Of Cellular Metabolic Process GO:0031325,1.870136670816941,389,7.740888634702492e-9,
GO:0048522,Positive Regulation Of Cellular Process GO:0048522,1.870136670816941,389,7.740888634702492e-9,
GO:0010557,Positive Regulation Of Macromolecule Biosynthetic Process GO:0010557,1.870136670816941,389,7.740888634702492e-9,
GO:2000177,Regulation Of Neural Precursor Cell Proliferation GO:2000177,1.8688759365450145,67,0.006889793295176878,
GO:0010656,Negative Regulation Of Muscle Cell Apoptotic Process GO:0010656,1.8667069662325608,41,0.044952563126741826,
GO:0001822,Kidney Development GO:0001822,1.8665379781097835,195,5.450800079253098e-5,
GO:1901655,Cellular Response To Ketone GO:1901655,1.864222277766037,98,0.004269816292310313,
GO:0042698,Ovulation Cycle GO:0042698,1.8631352572933464,50,0.02689738176518278,
GO:0001666,Response To Hypoxia GO:0001666,1.8614686744296258,234,1.7202455470621043e-5,
GO:0036293,Response To Decreased Oxygen Levels GO:0036293,1.858776122559148,247,1.506774411733396e-5,
GO:0001890,Placenta Development GO:0001890,1.8585164934957144,91,0.0032524935991005434,
GO:0055123,Digestive System Development GO:0055123,1.8582173083625506,83,0.007625298028110264,
GO:0060089,Molecular Transducer Activity GO:0060089,1.8561534655596514,286,1.6181267717581714e-6,
GO:0038023,Signaling Receptor Activity GO:0038023,1.8561534655596514,286,1.6181267717581714e-6,
GO:0071383,Cellular Response To Steroid Hormone Stimulus GO:0071383,1.8557020223524643,96,0.0028693509777658727,
GO:0051093,Negative Regulation Of Developmental Process GO:0051093,1.8552212355040278,480,4.884084044767243e-10,
GO:0005615,Extracellular Space GO:0005615,1.8534382883297713,337,4.305455021033038e-7,
GO:0048592,Eye Morphogenesis GO:0048592,1.8519421983548454,91,0.003542999239003884,
GO:0048518,Positive Regulation Of Biological Process GO:0048518,1.8489458295404477,397,2.190103154924734e-8,
GO:0010604,Positive Regulation Of Macromolecule Metabolic Process GO:0010604,1.8489458295404477,397,2.190103154924734e-8,
GO:0009893,Positive Regulation Of Metabolic Process GO:0009893,1.8489458295404477,397,2.190103154924734e-8,
GO:0008284,Positive Regulation Of Cell Population Proliferation GO:0008284,1.8483600073000166,441,6.431837857971661e-9,
GO:0008201,Heparin Binding GO:0008201,1.8456171554873508,46,0.03835996868109163,
GO:0045229,External Encapsulating Structure Organization GO:0045229,1.8451334004932816,111,0.003455425738485135,
GO:0030198,Extracellular Matrix Organization GO:0030198,1.8451334004932816,111,0.003455425738485135,
GO:0043062,Extracellular Structure Organization GO:0043062,1.8451334004932816,111,0.003455425738485135,
GO:0045639,Positive Regulation Of Myeloid Cell Differentiation GO:0045639,1.842315206759819,45,0.03126546694166855,
GO:0035051,Cardiocyte Differentiation GO:0035051,1.8375460734474516,88,0.0054008762585677755,
GO:0033138,Positive Regulation Of Peptidyl-Serine Phosphorylation GO:0033138,1.8364369896389658,43,0.04621032702623751,
GO:1902106,Negative Regulation Of Leukocyte Differentiation GO:1902106,1.8359225793316352,49,0.03707122659438584,
GO:1901654,Response To Ketone GO:1901654,1.8334927187768069,195,1.2993132795967058e-4,
GO:0031099,Regeneration GO:0031099,1.8334580854300027,142,7.539025521961528e-4,
GO:0033993,Response To Lipid GO:0033993,1.8314318257738633,527,1.133508967527794e-9,
GO:0051241,Negative Regulation Of Multicellular Organismal Process GO:0051241,1.8297159036424793,497,1.1753035365157528e-9,
GO:0045597,Positive Regulation Of Cell Differentiation GO:0045597,1.8269977958532508,464,4.504209405472764e-9,
GO:0030510,Regulation Of Bmp Signaling Pathway GO:0030510,1.8255147183931832,55,0.04567055886903285,
GO:0003007,Heart Morphogenesis GO:0003007,1.8239180728828337,141,0.0017145357177922572,
GO:0050920,Regulation Of Chemotaxis GO:0050920,1.822473439625025,94,0.009446810582763986,
GO:0006022,Aminoglycan Metabolic Process GO:0006022,1.822203641581146,45,0.03707122659438584,
GO:0006935,Chemotaxis GO:0006935,1.82205507492371,110,0.003334997076889392,
GO:0042330,Taxis GO:0042330,1.82205507492371,110,0.003334997076889392,
GO:0007292,Female Gamete Generation GO:0007292,1.8206940519407737,64,0.021889886928080856,
GO:1902105,Regulation Of Leukocyte Differentiation GO:1902105,1.820656920748925,125,0.0017971706675208837,
GO:0042060,Wound Healing GO:0042060,1.820396038846923,98,0.008063797234918936,
GO:0021675,Nerve Development GO:0021675,1.8192257782240242,62,0.028834851635123806,
GO:0044706,Multi-Multicellular Organism Process GO:0044706,1.8171400329073943,130,0.0019218528625582327,
GO:0045766,Positive Regulation Of Angiogenesis GO:0045766,1.8159899154906056,74,0.013106748342066963,
GO:0001704,Formation Of Primary Germ Layer GO:0001704,1.8124947539817575,67,0.014703901369440536,
GO:0019838,Growth Factor Binding GO:0019838,1.8112489896940722,61,0.04446586590179519,
GO:0042127,Regulation Of Cell Population Proliferation GO:0042127,1.81044158692027,754,5.179691750642178e-12,
GO:1903706,Regulation Of Hemopoiesis GO:1903706,1.8084558312482921,167,5.499796271108589e-4,
GO:0070482,Response To Oxygen Levels GO:0070482,1.8081099032581605,268,2.1908443157995012e-5,
GO:0048608,Reproductive Structure Development GO:0048608,1.8045339392846484,168,3.196563850880287e-4,
GO:1904018,Positive Regulation Of Vasculature Development GO:1904018,1.801215220427744,75,0.016842300907989338,
GO:0048762,Mesenchymal Cell Differentiation GO:0048762,1.799799949314475,101,0.010736976809297775,
GO:0060537,Muscle Tissue Development GO:0060537,1.799059015700153,212,1.7950091302089958e-4,
GO:0009889,Regulation Of Biosynthetic Process GO:0009889,1.7939224864418801,874,1.9654741592637832e-13,
GO:0031326,Regulation Of Cellular Biosynthetic Process GO:0031326,1.7939224864418801,874,1.9654741592637832e-13,
GO:0031323,Regulation Of Cellular Metabolic Process GO:0031323,1.7939224864418801,874,1.9654741592637832e-13,
GO:0010468,Regulation Of Gene Expression GO:0010468,1.7939224864418801,874,1.9654741592637832e-13,
GO:0010556,Regulation Of Macromolecule Biosynthetic Process GO:0010556,1.7939224864418801,874,1.9654741592637832e-13,
GO:0141091,Transforming Growth Factor Beta Receptor Superfamily Signaling Pathway GO:0141091,1.7930499871193066,93,0.011474077588654383,
GO:0007423,Sensory Organ Development GO:0007423,1.7928383857842598,335,1.8957237289689153e-6,
GO:0051783,Regulation Of Nuclear Division GO:0051783,1.7925581158611315,57,0.04567055886903285,
GO:0003231,Cardiac Ventricle Development GO:0003231,1.7916253391814583,84,0.009706610254479796,
GO:0070374,Positive Regulation Of Erk1 And Erk2 Cascade GO:0070374,1.7880916409589083,79,0.019892432469907437,
GO:0071216,Cellular Response To Biotic Stimulus GO:0071216,1.787793226420739,103,0.006195640556083781,
GO:0046660,Female Sex Differentiation GO:0046660,1.7872551364403992,75,0.019148055185802575,
GO:1903707,Negative Regulation Of Hemopoiesis GO:1903707,1.787045463421203,52,0.04982036227361905,
GO:0010594,Regulation Of Endothelial Cell Migration GO:0010594,1.7850253362591828,86,0.015523172488772902,
GO:0072359,Circulatory System Development GO:0072359,1.7833701040124008,516,1.406464487133037e-8,
GO:0060255,Regulation Of Macromolecule Metabolic Process GO:0060255,1.7818681354066215,881,5.072164284937308e-13,
GO:0019222,Regulation Of Metabolic Process GO:0019222,1.7818681354066215,881,5.072164284937308e-13,
GO:0009611,Response To Wounding GO:0009611,1.780947041869076,171,0.0012247945932317738,
GO:0080090,Regulation Of Primary Metabolic Process GO:0080090,1.7803697259854836,867,1.5813786874988036e-12,
GO:0090092,Regulation Of Transmembrane Receptor Protein Serine/Threonine Kinase Signaling Pathway GO:0090092,1.776061519323487,134,0.003334997076889392,
GO:0004888,Transmembrane Signaling Receptor Activity GO:0004888,1.77315537910639,224,2.1603737288165907e-4,
GO:0045444,Fat Cell Differentiation GO:0045444,1.7730908205350964,72,0.02005004606195311,
GO:0061458,Reproductive System Development GO:0061458,1.7728867234035983,170,0.0017971706675208837,
GO:0014013,Regulation Of Gliogenesis GO:0014013,1.7712886694784933,74,0.022275428223317316,
GO:0003018,Vascular Process In Circulatory System GO:0003018,1.7705401243770458,117,0.007138296975201341,
GO:0030855,Epithelial Cell Differentiation GO:0030855,1.766088094300423,311,1.578899476442474e-5,
GO:0046545,Development Of Primary Female Sexual Characteristics GO:0046545,1.7656592432913203,68,0.019148055185802575,
GO:0048863,Stem Cell Differentiation GO:0048863,1.764184552474604,119,0.0056797412100407785,
GO:2000026,Regulation Of Multicellular Organismal Development GO:2000026,1.7639047072504315,713,1.0933961537746264e-10,
GO:0009887,Animal Organ Morphogenesis GO:0009887,1.763663996129005,496,4.583607366786185e-8,
GO:0000122,Negative Regulation Of Transcription By Rna Polymerase Ii GO:0000122,1.7630545397947703,492,5.0436470309312636e-8,
GO:0009725,Response To Hormone GO:0009725,1.7630213792711198,531,1.4002418574168066e-8,
GO:2001236,Regulation Of Extrinsic Apoptotic Signaling Pathway GO:2001236,1.7625914184677973,70,0.03476732708712821,
GO:0090596,Sensory Organ Morphogenesis GO:0090596,1.7620973764152124,153,0.0013915569116205123,
GO:0071222,Cellular Response To Lipopolysaccharide GO:0071222,1.7576025976299283,88,0.014331441320009214,
GO:0097746,Blood Vessel Diameter Maintenance GO:0097746,1.7529649498243196,83,0.028356295626146645,
GO:0035296,Regulation Of Tube Diameter GO:0035296,1.7529649498243196,83,0.028356295626146645,
GO:0035150,Regulation Of Tube Size GO:0035150,1.7529649498243196,83,0.028356295626146645,
GO:0004674,Protein Serine/Threonine Kinase Activity GO:0004674,1.7520135397572532,246,1.7950091302089958e-4,
GO:0006954,Inflammatory Response GO:0006954,1.746908427813095,139,0.004360094655836733,
GO:0005576,Extracellular Region GO:0005576,1.7460256774734344,470,1.2073685833845144e-7,
GO:0050867,Positive Regulation Of Cell Activation GO:0050867,1.744779014096702,121,0.00558724168049876,
GO:0002573,Myeloid Leukocyte Differentiation GO:0002573,1.7443398895880444,73,0.024961961807273263,
GO:0048738,Cardiac Muscle Tissue Development GO:0048738,1.7425261341320997,120,0.00956756363713381,
GO:0003279,Cardiac Septum Development GO:0003279,1.736374251419094,71,0.04297521374606327,
GO:0007519,Skeletal Muscle Tissue Development GO:0007519,1.7339261279358107,89,0.03260592876022661,
GO:0014706,Striated Muscle Tissue Development GO:0014706,1.7319603736477278,123,0.009129178715296733,
GO:0006357,Regulation Of Transcription By Rna Polymerase Ii GO:0006357,1.7314508304130913,1166,6.680250949039436e-14,
GO:0071456,Cellular Response To Hypoxia GO:0071456,1.7289410203747881,107,0.012502607247024712,
GO:0042221,Response To Chemical GO:0042221,1.7282786888991162,102,0.011225256453926283,
GO:0048593,Camera-Type Eye Morphogenesis GO:0048593,1.7282486787283584,76,0.033493373442282676,
GO:0035556,Intracellular Signal Transduction GO:0035556,1.7280950240015658,93,0.021889886928080856,
GO:0071559,Response To Transforming Growth Factor Beta GO:0071559,1.7277144476751183,100,0.013357614934557019,
GO:0035107,Appendage Morphogenesis GO:0035107,1.7269677533266536,94,0.028659528430681563,
GO:0035108,Limb Morphogenesis GO:0035108,1.7269677533266536,94,0.028659528430681563,
GO:0032355,Response To Estradiol GO:0032355,1.7250219617163565,125,0.008411531411780837,
GO:0005539,Glycosaminoglycan Binding GO:0005539,1.724797056488169,68,0.029211656224071715,
GO:0034612,Response To Tumor Necrosis Factor GO:0034612,1.7220310006836974,96,0.01637705792164225,
GO:0071219,Cellular Response To Molecule Of Bacterial Origin GO:0071219,1.7201865140934136,91,0.02288439840562826,
GO:0007178,Cell Surface Receptor Protein Serine/Threonine Kinase Signaling Pathway GO:0007178,1.7201356248695738,103,0.013656095999877292,
GO:0008217,Regulation Of Blood Pressure GO:0008217,1.7148064626004074,84,0.02427188151659787,
GO:0035113,Embryonic Appendage Morphogenesis GO:0035113,1.713617971558789,75,0.04621032702623751,
GO:0030326,Embryonic Limb Morphogenesis GO:0030326,1.713617971558789,75,0.04621032702623751,
GO:0001654,Eye Development GO:0001654,1.705403861676397,228,5.560765602103553e-4,
GO:0150063,Visual System Development GO:0150063,1.705403861676397,228,5.560765602103553e-4,
GO:0001664,G Protein-Coupled Receptor Binding GO:0001664,1.7052201961646973,103,0.015432773352648588,
GO:2000147,Positive Regulation Of Cell Motility GO:2000147,1.7047603263166171,284,1.5579004144117801e-4,
GO:0050768,Negative Regulation Of Neurogenesis GO:0050768,1.704601183327477,90,0.02271682215325259,
GO:0040017,Positive Regulation Of Locomotion GO:0040017,1.7028589226784827,292,1.7491553029889807e-4,
GO:0030335,Positive Regulation Of Cell Migration GO:0030335,1.6994062579085563,275,2.783381370908926e-4,
GO:0061061,Muscle Structure Development GO:0061061,1.697978402313721,276,1.8841576573259237e-4,
GO:0060429,Epithelium Development GO:0060429,1.6975007336498122,572,1.9085193232897805e-7,
GO:0008283,Cell Population Proliferation GO:0008283,1.691367607875345,412,6.823046076042536e-6,
GO:0008285,Negative Regulation Of Cell Population Proliferation GO:0008285,1.6908283954160248,322,5.9085540212536516e-5,
GO:0048732,Gland Development GO:0048732,1.6907472637942933,287,9.866120707276796e-5,
GO:0071453,Cellular Response To Oxygen Levels GO:0071453,1.6901271880329258,122,0.014703901369440536,
GO:0050866,Negative Regulation Of Cell Activation GO:0050866,1.6894642542892995,73,0.04789881336851367,
GO:0007167,Enzyme-Linked Receptor Protein Signaling Pathway GO:0007167,1.6876891129723337,306,2.4847747464997074e-4,
GO:0036294,Cellular Response To Decreased Oxygen Levels GO:0036294,1.6844601637219547,115,0.021144696752332482,
GO:0071407,Cellular Response To Organic Cyclic Compound GO:0071407,1.6843056928088154,298,1.6942307838048017e-4,
GO:0045137,Development Of Primary Sexual Characteristics GO:0045137,1.684000231776993,134,0.011474077588654383,
GO:0008544,Epidermis Development GO:0008544,1.6837881584394319,132,0.028356295626146645,
GO:0014070,Response To Organic Cyclic Compound GO:0014070,1.6827789004126756,597,2.6573166187699195e-7,
GO:0048880,Sensory System Development GO:0048880,1.6824386672218141,232,6.420950709884411e-4,
GO:0001934,Positive Regulation Of Protein Phosphorylation GO:0001934,1.682215911892472,223,0.001825587491680915,
GO:0044057,Regulation Of System Process GO:0044057,1.6789375279738896,291,4.1474218237940846e-4,
GO:0060348,Bone Development GO:0060348,1.6754858310471006,101,0.04858430096981997,
GO:0060560,Developmental Growth Involved In Morphogenesis GO:0060560,1.67511929232177,101,0.04858430096981997,
GO:0030334,Regulation Of Cell Migration GO:0030334,1.674046759641466,448,4.797882635417772e-6,
GO:0045893,Positive Regulation Of Dna-Templated Transcription GO:0045893,1.6705780263949082,872,2.077624880050316e-9,
GO:1902680,Positive Regulation Of Rna Biosynthetic Process GO:1902680,1.6705780263949082,872,2.077624880050316e-9,
GO:0007507,Heart Development GO:0007507,1.6700503291473325,348,8.716600721679725e-5,
GO:0048589,Developmental Growth GO:0048589,1.668557165556124,287,1.670595558767319e-4,
GO:0040007,Growth GO:0040007,1.668557165556124,287,1.670595558767319e-4,
GO:0048736,Appendage Development GO:0048736,1.6681364622580925,113,0.033841508463661595,
GO:0060173,Limb Development GO:0060173,1.6681364622580925,113,0.033841508463661595,
GO:0009888,Tissue Development GO:0009888,1.6669065091627215,913,7.464521479184384e-10,
GO:1903131,Mononuclear Cell Differentiation GO:1903131,1.6665196806193192,143,0.016842300907989338,
GO:0043010,Camera-Type Eye Development GO:0043010,1.6663684169444946,203,0.001967849212512874,
GO:0048639,Positive Regulation Of Developmental Growth GO:0048639,1.6660921538054427,117,0.022275428223317316,
GO:0008015,Blood Circulation GO:0008015,1.6600324585758603,188,0.00558724168049876,
GO:0007186,G Protein-Coupled Receptor Signaling Pathway GO:0007186,1.6599631671801882,244,0.0021008895732150513,
GO:0008406,Gonad Development GO:0008406,1.6570124423431898,129,0.017779288566900302,
GO:0004672,Protein Kinase Activity GO:0004672,1.6553231712253855,319,3.1099953124076655e-4,
GO:0090575,Rna Polymerase Ii Transcription Regulator Complex GO:0090575,1.6539764526644514,138,0.01403694487987308,
GO:0002521,Leukocyte Differentiation GO:0002521,1.6537498731209894,182,0.0031505457781615884,
GO:0040012,Regulation Of Locomotion GO:0040012,1.652768218803777,492,5.8481736923617915e-6,
GO:0051961,Negative Regulation Of Nervous System Development GO:0051961,1.6517237503870759,95,0.044123972687790745,
GO:0030155,Regulation Of Cell Adhesion GO:0030155,1.6515456433202957,344,1.5169413349345505e-4,
GO:0042327,Positive Regulation Of Phosphorylation GO:0042327,1.648346868229656,233,0.001988683484317522,
GO:0060485,Mesenchyme Development GO:0060485,1.64676588398865,125,0.020962639997860764,
GO:0048598,Embryonic Morphogenesis GO:0048598,1.6466116510723658,335,2.2407387146844315e-4,
GO:0070848,Response To Growth Factor GO:0070848,1.6460532907382115,339,1.670595558767319e-4,
GO:0003677,Dna Binding GO:0003677,1.6455891843490524,1043,5.012975039237848e-10,
GO:0045892,Negative Regulation Of Dna-Templated Transcription GO:0045892,1.6439497238748462,642,7.396106924036511e-7,
GO:0003013,Circulatory System Process GO:0003013,1.6434020308499584,206,0.004797739034725344,
GO:0046683,Response To Organophosphorus GO:0046683,1.6409390966014117,92,0.04926481565912213,
GO:0051094,Positive Regulation Of Developmental Process GO:0051094,1.6405434927963594,696,3.096271770664225e-7,
GO:0045892,Negative Regulation Of Dna-Templated Transcription GO:0045892,1.6404579966919062,259,0.0021400916459913717,
GO:0045934,Negative Regulation Of Nucleobase-Containing Compound Metabolic Process GO:0045934,1.6404579966919062,259,0.0021400916459913717,
GO:1902679,Negative Regulation Of Rna Biosynthetic Process GO:1902679,1.6404579966919062,259,0.0021400916459913717,
GO:0051253,Negative Regulation Of Rna Metabolic Process GO:0051253,1.6404579966919062,259,0.0021400916459913717,
GO:0051240,Positive Regulation Of Multicellular Organismal Process GO:0051240,1.6378034095291467,746,9.719133843571775e-8,
GO:0043434,Response To Peptide Hormone GO:0043434,1.6369888746215429,283,8.266178700090762e-4,
GO:2000145,Regulation Of Cell Motility GO:2000145,1.6365410492345784,470,1.1547814782143516e-5,
GO:0040011,Locomotion GO:0040011,1.636253852934138,130,0.027736452871560756,
GO:0002696,Positive Regulation Of Leukocyte Activation GO:0002696,1.6337341753246184,112,0.028659528430681563,
GO:0048562,Embryonic Organ Morphogenesis GO:0048562,1.6318743473138362,156,0.015505935005535059,
GO:0048519,Negative Regulation Of Biological Process GO:0048519,1.6250748308597358,279,0.0013915569116205123,
GO:0048523,Negative Regulation Of Cellular Process GO:0048523,1.6250748308597358,279,0.0013915569116205123,
GO:0003002,Regionalization GO:0003002,1.624911507227468,204,0.00558724168049876,
GO:1902679,Negative Regulation Of Rna Biosynthetic Process GO:1902679,1.623456865016344,646,9.60411084613699e-7,
GO:0050865,Regulation Of Cell Activation GO:0050865,1.6224527586665207,212,0.005849158551081301,
GO:0043410,Positive Regulation Of Mapk Cascade GO:0043410,1.6196030527690555,193,0.00934394025076663,
GO:0050793,Regulation Of Developmental Process GO:0050793,1.6190388929040973,1224,2.374091885075392e-10,
GO:0007548,Sex Differentiation GO:0007548,1.6177982488012166,151,0.015523172488772902,
GO:0009890,Negative Regulation Of Biosynthetic Process GO:0009890,1.6167619396318116,278,0.0017971706675208837,
GO:0031327,Negative Regulation Of Cellular Biosynthetic Process GO:0031327,1.6167619396318116,278,0.0017971706675208837,
GO:0031324,Negative Regulation Of Cellular Metabolic Process GO:0031324,1.6167619396318116,278,0.0017971706675208837,
GO:0010558,Negative Regulation Of Macromolecule Biosynthetic Process GO:0010558,1.6167619396318116,278,0.0017971706675208837,
GO:0010605,Negative Regulation Of Macromolecule Metabolic Process GO:0010605,1.6167619396318116,278,0.0017971706675208837,
GO:0009892,Negative Regulation Of Metabolic Process GO:0009892,1.6167619396318116,278,0.0017971706675208837,
GO:0043066,Negative Regulation Of Apoptotic Process GO:0043066,1.605805581700107,460,4.9689484992526443e-5,
GO:0048568,Embryonic Organ Development GO:0048568,1.6036905831257249,264,0.002009264464200428,
GO:0042692,Muscle Cell Differentiation GO:0042692,1.6032629183266844,159,0.011885333041208136,
GO:0001501,Skeletal System Development GO:0001501,1.6031944703284864,246,0.006528276257850835,
GO:0006355,Regulation Of Dna-Templated Transcription GO:0006355,1.6021269257766475,1473,7.19463233073206e-11,
GO:0070372,Regulation Of Erk1 And Erk2 Cascade GO:0070372,1.6018726173500022,133,0.03707122659438584,
GO:0045927,Positive Regulation Of Growth GO:0045927,1.5972917987092943,159,0.013106748342066963,
GO:0045786,Negative Regulation Of Cell Cycle GO:0045786,1.5947925625629804,167,0.02167725474332589,
GO:2001141,Regulation Of Rna Biosynthetic Process GO:2001141,1.5930167053425912,1477,2.4135230720051356e-10,
GO:0007389,Pattern Specification Process GO:0007389,1.5849554107029824,225,0.007481235212823704,
GO:0022414,Reproductive Process GO:0022414,1.5847083119995495,633,5.9569123502168944e-6,
GO:0005667,Transcription Regulator Complex GO:0005667,1.5835248775529738,277,0.003494710001621723,
GO:0031669,Cellular Response To Nutrient Levels GO:0031669,1.5805827752856736,145,0.047208298163038474,
GO:0051254,Positive Regulation Of Rna Metabolic Process GO:0051254,1.5753546409537122,940,3.19244527866726e-7,
GO:0051239,Regulation Of Multicellular Organismal Process GO:0051239,1.5746581531706307,1331,7.389136536732214e-10,
GO:0060284,Regulation Of Cell Development GO:0060284,1.5743465368732799,441,1.927499520338578e-4,
GO:0009719,Response To Endogenous Stimulus GO:0009719,1.56299264296097,853,9.083794209886668e-7,
GO:0045787,Positive Regulation Of Cell Cycle GO:0045787,1.562491515558817,165,0.0446217994053953,
GO:0090287,Regulation Of Cellular Response To Growth Factor Stimulus GO:0090287,1.5617779786206833,164,0.02288439840562826,
GO:0009628,Response To Abiotic Stimulus GO:0009628,1.557872841940246,675,2.7129015846639282e-5,
GO:0043069,Negative Regulation Of Programmed Cell Death GO:0043069,1.5575184002518454,477,2.4478197379372167e-4,
GO:0043408,Regulation Of Mapk Cascade GO:0043408,1.5525279219961725,297,0.003334997076889392,
GO:0006366,Transcription By Rna Polymerase Ii GO:0006366,1.550619576444964,193,0.029211656224071715,
GO:0048638,Regulation Of Developmental Growth GO:0048638,1.544105790394537,213,0.01798617065697175,
GO:0006915,Apoptotic Process GO:0006915,1.5413715506435273,436,4.1849886672002117e-4,
GO:0042981,Regulation Of Apoptotic Process GO:0042981,1.5370470263688243,715,2.2292886777233637e-5,
GO:0051253,Negative Regulation Of Rna Metabolic Process GO:0051253,1.5350624033595504,694,4.590766322304069e-5,
GO:0097305,Response To Alcohol GO:0097305,1.53429410410609,216,0.02737908316651877,
GO:0010720,Positive Regulation Of Cell Development GO:0010720,1.5336224944694268,252,0.017779288566900302,
GO:0016477,Cell Migration GO:0016477,1.5334570779951096,423,7.152245205404264e-4,
GO:0045785,Positive Regulation Of Cell Adhesion GO:0045785,1.5327601589280997,185,0.03612641368491747,
GO:0045937,Positive Regulation Of Phosphate Metabolic Process GO:0045937,1.5308629807526302,277,0.010364430144040123,
GO:0010562,Positive Regulation Of Phosphorus Metabolic Process GO:0010562,1.5308629807526302,277,0.010364430144040123,
GO:0045934,Negative Regulation Of Nucleobase-Containing Compound Metabolic Process GO:0045934,1.5299920991428289,750,4.37406295688349e-5,
GO:0009605,Response To External Stimulus GO:0009605,1.5251328853810582,693,7.35093641625511e-5,
GO:0051252,Regulation Of Rna Metabolic Process GO:0051252,1.5245659591585474,1609,7.152588448536873e-9,
GO:0043067,Regulation Of Programmed Cell Death GO:0043067,1.5199770531958923,739,3.2605356212631735e-5,
GO:0008150,Biological_process GO:0008150,1.5185420309361337,2221,1.7860136700902302e-10,
GO:0008219,Cell Death GO:0008219,1.5155959682670643,453,0.0017971706675208837,
GO:0012501,Programmed Cell Death GO:0012501,1.5155959682670643,453,0.0017971706675208837,
GO:0048870,Cell Motility GO:0048870,1.5155902313235603,471,9.39965443574704e-4,
GO:0141124,Intracellular Signaling Cassette GO:0141124,1.5155490924661614,398,0.0027556825404380894,
GO:0002694,Regulation Of Leukocyte Activation GO:0002694,1.5101119148015738,190,0.04858430096981997,
GO:0007166,Cell Surface Receptor Signaling Pathway GO:0007166,1.5084276998995252,761,8.374389580165043e-5,
GO:0071363,Cellular Response To Growth Factor Stimulus GO:0071363,1.50561028696211,319,0.00956756363713381,
GO:0009653,Anatomical Structure Morphogenesis GO:0009653,1.5050876079976099,1112,1.1711239335472119e-6,
GO:1901700,Response To Oxygen-Containing Compound GO:1901700,1.505012853424955,939,5.232170202866003e-6,
GO:0048646,Anatomical Structure Formation Involved In Morphogenesis GO:0048646,1.5038124681885252,480,0.0010291983561441934,
GO:0032870,Cellular Response To Hormone Stimulus GO:0032870,1.4962336560157956,332,0.009446810582763986,
GO:0007165,Signal Transduction GO:0007165,1.494751223539272,1589,8.574338773703266e-8,
GO:0035556,Intracellular Signal Transduction GO:0035556,1.4880905486040599,801,1.162087831603477e-4,
GO:0031328,Positive Regulation Of Cellular Biosynthetic Process GO:0031328,1.4870939857818921,1277,5.971717670513619e-7,
GO:0045935,Positive Regulation Of Nucleobase-Containing Compound Metabolic Process GO:0045935,1.4855800980682592,1045,7.605089255844739e-6,
GO:0003008,System Process GO:0003008,1.4822390194505355,677,2.429091414362421e-4,
GO:0003006,Developmental Process Involved In Reproduction GO:0003006,1.482007719819389,431,0.005265855709439148,
GO:0019219,Regulation Of Nucleobase-Containing Compound Metabolic Process GO:0019219,1.4818396204759448,1747,5.104574822972177e-8,
GO:0009891,Positive Regulation Of Biosynthetic Process GO:0009891,1.480730022913817,1302,1.0540760915916963e-6,
GO:0016773,"Phosphotransferase Activity, Alcohol Group As Acceptor GO:0016773",1.4791031897831586,375,0.010455143977889906,
GO:0007169,Cell Surface Receptor Protein Tyrosine Kinase Signaling Pathway GO:0007169,1.4784205811004758,206,0.04621032702623751,
GO:0043068,Positive Regulation Of Programmed Cell Death GO:0043068,1.476081741456134,289,0.021144696752332482,
GO:0048513,Animal Organ Development GO:0048513,1.473544050916863,1514,2.762030275344034e-7,
GO:0010557,Positive Regulation Of Macromolecule Biosynthetic Process GO:0010557,1.4638841868740815,1249,6.140266546602953e-6,
GO:0040008,Regulation Of Growth GO:0040008,1.4600227699983856,343,0.019148055185802575,
GO:0097435,Supramolecular Fiber Organization GO:0097435,1.4581590416756962,257,0.0446217994053953,
GO:0001775,Cell Activation GO:0001775,1.4534622040280332,262,0.0426825362311566,
GO:1901652,Response To Peptide GO:1901652,1.4489656351873288,397,0.013106748342066963,
GO:0001932,Regulation Of Protein Phosphorylation GO:0001932,1.4416267205980664,350,0.01609904975847187,
GO:0030097,Hemopoiesis GO:0030097,1.4414831325312703,321,0.02335952272586061,
GO:0034097,Response To Cytokine GO:0034097,1.423328102870786,385,0.018982272671747312,
GO:0002684,Positive Regulation Of Immune System Process GO:0002684,1.4215886953744752,329,0.025418524928917854,
GO:0031401,Positive Regulation Of Protein Modification Process GO:0031401,1.4133125672908238,325,0.04203477637409426,
GO:0042325,Regulation Of Phosphorylation GO:0042325,1.4116031784361127,366,0.04567055886903285,
GO:0023052,Signaling GO:0023052,1.4075747408529096,1742,6.920536432412086e-6,
GO:0071495,Cellular Response To Endogenous Stimulus GO:0071495,1.4069022880995725,682,0.0051294782138268215,
GO:0010243,Response To Organonitrogen Compound GO:0010243,1.404141606069318,616,0.00558724168049876,
GO:0007154,Cell Communication GO:0007154,1.4017273021185241,1766,8.282524351775878e-6,
GO:0009790,Embryo Development GO:0009790,1.400638197725536,629,0.004404882118984204,
GO:0031325,Positive Regulation Of Cellular Metabolic Process GO:0031325,1.3987375865669187,1495,2.6782880053374317e-5,
GO:1901698,Response To Nitrogen Compound GO:1901698,1.3956909214061874,660,0.00867480218081731,
GO:0019900,Kinase Binding GO:0019900,1.391420712357774,465,0.02335952272586061,
GO:0051726,Regulation Of Cell Cycle GO:0051726,1.3898516089135753,520,0.011474077588654383,
GO:0016301,Kinase Activity GO:0016301,1.3879692790610916,402,0.026428494400471646,
GO:0009607,Response To Biotic Stimulus GO:0009607,1.3725250398174753,448,0.0426825362311566,
GO:0010556,Regulation Of Macromolecule Biosynthetic Process GO:0010556,1.3722530694653345,2161,1.373740733556359e-5,
GO:0010648,Negative Regulation Of Cell Communication GO:0010648,1.3718523520353534,698,0.008468852332266808,
GO:0010468,Regulation Of Gene Expression GO:0010468,1.368768039465366,2107,3.480497767949962e-5,
GO:0031326,Regulation Of Cellular Biosynthetic Process GO:0031326,1.3649068606850234,2202,3.734858059060388e-5,
GO:0023057,Negative Regulation Of Signaling GO:0023057,1.3628933613262633,699,0.012502607247024712,
GO:0019220,Regulation Of Phosphate Metabolic Process GO:0019220,1.3624056691038042,451,0.029627059372374653,
GO:0009889,Regulation Of Biosynthetic Process GO:0009889,1.3619661151449316,2244,2.513020644054087e-5,
GO:0022603,Regulation Of Anatomical Structure Morphogenesis GO:0022603,1.360114346924804,467,0.04982036227361905,
GO:0010558,Negative Regulation Of Macromolecule Biosynthetic Process GO:0010558,1.3416449878062315,1025,0.0045261939370021525,
GO:0048585,Negative Regulation Of Response To Stimulus GO:0048585,1.336253903667693,769,0.015331145800649927,
GO:0009890,Negative Regulation Of Biosynthetic Process GO:0009890,1.3346599196965467,1060,0.004569981342417524,
GO:0070887,Cellular Response To Chemical Stimulus GO:0070887,1.3306885095420002,977,0.009941078823864512,
GO:0009968,Negative Regulation Of Signal Transduction GO:0009968,1.3274489852968492,641,0.03305026731594745,
GO:0031327,Negative Regulation Of Cellular Biosynthetic Process GO:0031327,1.3235049832973136,1044,0.008766696410095835,
GO:1901701,Cellular Response To Oxygen-Containing Compound GO:1901701,1.3201748142195493,629,0.04069498937956007,
GO:0010604,Positive Regulation Of Macromolecule Metabolic Process GO:0010604,1.3197178928753046,1606,0.0011727989422355579,
GO:0080090,Regulation Of Primary Metabolic Process GO:0080090,1.2919767773133002,2423,5.216067609706715e-4,
GO:0031324,Negative Regulation Of Cellular Metabolic Process GO:0031324,1.2913053845803326,1181,0.010993986032534318,
GO:0048731,System Development GO:0048731,1.2907444233729528,1868,0.0051294782138268215,
GO:0030154,Cell Differentiation GO:0030154,1.290636116817945,1685,0.004269816292310313,
GO:0048869,Cellular Developmental Process GO:0048869,1.290636116817945,1685,0.004269816292310313,
GO:0048468,Cell Development GO:0048468,1.2887840234751864,1120,0.030902587755988444,
GO:0006950,Response To Stress GO:0006950,1.2813676165682881,1392,0.007688035906387198,
GO:0042221,Response To Chemical GO:0042221,1.2786860507536337,1620,0.011372057902241158,
GO:0031323,Regulation Of Cellular Metabolic Process GO:0031323,1.2661268257587066,2498,0.002009264464200428,
GO:0009893,Positive Regulation Of Metabolic Process GO:0009893,1.2650837805578574,1755,0.01084472117355937,
GO:0071944,Cell Periphery GO:0071944,1.2575832523981794,1863,0.009004015589170763,
GO:0032501,Multicellular Organismal Process GO:0032501,1.2377541954715459,2584,0.00680620057206251,
GO:0007275,Multicellular Organism Development GO:0007275,1.23210519554686,2066,0.01848674111324297,
GO:0051716,Cellular Response To Stimulus GO:0051716,1.2226947227523137,2343,0.022275428223317316,
GO:0060255,Regulation Of Macromolecule Metabolic Process GO:0060255,1.2211104893459837,2559,0.022512151920744558,
GO:0048523,Negative Regulation Of Cellular Process GO:0048523,1.2124453060764282,2317,0.0446217994053953,
GO:0048856,Anatomical Structure Development GO:0048856,1.2051191110266113,2432,0.03684284633404187,
GO:0019222,Regulation Of Metabolic Process GO:0019222,1.198889997591928,2787,0.04621032702623751,
GO:0048519,Negative Regulation Of Biological Process GO:0048519,1.1881997892510632,2461,0.0446217994053953,
