GOID,pathway,NES,size,padj,leadingEdge
GO:0045745,Positive Regulation Of G Protein-Coupled Receptor Signaling Pathway GO:0045745,2.1090997943457905,16,0.0013267197204688255,
GO:2000048,Negative Regulation Of Cell-Cell Adhesion Mediated By Cadherin GO:2000048,2.098227564519402,5,0.016509037262594894,
GO:0106071,Positive Regulation Of Adenylate Cyclase-Activating G Protein-Coupled Receptor Signaling Pathway GO:0106071,2.069793358527241,6,0.027827222683502788,
GO:0010944,Negative Regulation Of Transcription By Competitive Promoter Binding GO:0010944,2.0647715803304623,7,0.0269416869351815,
NA,Nad+ Signalling And Aging SMP0084271,2.0469364212309467,7,0.03007984837387912,
NA,Nad+ Signalling And Aging SMP0084271,2.0469364212309467,7,0.03007984837387912,
NA,Nad+ Signalling And Aging SMP0084271,2.0469364212309467,7,0.03007984837387912,
NA,Nad+ Signalling And Aging SMP0084271,2.0469364212309467,7,0.03007984837387912,
GO:0042755,Eating Behavior GO:0042755,2.029812316047064,5,0.04810465344177826,
NA,Localization Of The Pinch-Ilk-Parvin Complex To Focal Adhesions R-HSA-446343.3,2.027275661007249,4,0.006094618236291741,
NA,Localization Of The Pinch-Ilk-Parvin Complex To Focal Adhesions R-HSA-446343.3,2.027275661007249,4,0.006094618236291741,
NA,Localization Of The Pinch-Ilk-Parvin Complex To Focal Adhesions R-HSA-446343.3,2.027275661007249,4,0.006094618236291741,
NA,Localization Of The Pinch-Ilk-Parvin Complex To Focal Adhesions R-HSA-446343.3,2.027275661007249,4,0.006094618236291741,
NA,Nad Metabolism WP3644,2.0164377312355133,7,0.0396626013618147,
NA,Nad Metabolism WP3644,2.0164377312355133,7,0.0396626013618147,
NA,Nad Metabolism WP3644,2.0164377312355133,7,0.0396626013618147,
NA,Nad Metabolism WP3644,2.0164377312355133,7,0.0396626013618147,
GO:0060123,Regulation Of Growth Hormone Secretion GO:0060123,2.0120331616187657,4,0.027827222683502788,
NA,Aspartate And Asparagine Metabolism 8963693,2.007575844001955,4,0.03007984837387912,
NA,Aspartate And Asparagine Metabolism 8963693,2.007575844001955,4,0.03007984837387912,
NA,Aspartate And Asparagine Metabolism 8963693,2.007575844001955,4,0.03007984837387912,
NA,Aspartate And Asparagine Metabolism 8963693,2.007575844001955,4,0.03007984837387912,
NA,Cell-Extracellular Matrix Interactions 446353,1.9444736221889443,11,0.03774755080516318,
NA,Cell-Extracellular Matrix Interactions 446353,1.9444736221889443,11,0.03774755080516318,
NA,Cell-Extracellular Matrix Interactions 446353,1.9444736221889443,11,0.03774755080516318,
NA,Cell-Extracellular Matrix Interactions 446353,1.9444736221889443,11,0.03774755080516318,
GO:2000705,Regulation Of Dense Core Granule Biogenesis GO:2000705,1.9255156969220408,3,0.02490733937251793,
GO:1990911,Response To Psychosocial Stress GO:1990911,1.9241863721063786,3,0.040516646455324344,
GO:2000707,Positive Regulation Of Dense Core Granule Biogenesis GO:2000707,1.8141419177635563,2,0.016197130169851266,
GO:0032425,Positive Regulation Of Mismatch Repair GO:0032425,1.8128998417010178,2,0.040516646455324344,
NA,Srp-Dependent Cotranslational Protein Targeting To Membrane 1799339,1.6540237089390601,40,0.01896517919307438,
NA,Srp-Dependent Cotranslational Protein Targeting To Membrane 1799339,1.6540237089390601,40,0.01896517919307438,
NA,Srp-Dependent Cotranslational Protein Targeting To Membrane 1799339,1.6540237089390601,40,0.01896517919307438,
NA,Srp-Dependent Cotranslational Protein Targeting To Membrane 1799339,1.6540237089390601,40,0.01896517919307438,
NA,Nonsense Mediated Decay (Nmd) Enhanced By The Exon Junction Complex (Ejc) 975957,1.6306496711173837,47,0.01504800401764598,
NA,Nonsense Mediated Decay (Nmd) Enhanced By The Exon Junction Complex (Ejc) 975957,1.6306496711173837,47,0.01504800401764598,
NA,Nonsense Mediated Decay (Nmd) Enhanced By The Exon Junction Complex (Ejc) 975957,1.6306496711173837,47,0.01504800401764598,
NA,Nonsense Mediated Decay (Nmd) Enhanced By The Exon Junction Complex (Ejc) 975957,1.6306496711173837,47,0.01504800401764598,
NA,Nonsense-Mediated Decay (Nmd) R-HSA-927802.4,1.6306496711173837,47,0.01504800401764598,
NA,Nonsense-Mediated Decay (Nmd) R-HSA-927802.4,1.6306496711173837,47,0.01504800401764598,
NA,Nonsense-Mediated Decay (Nmd) R-HSA-927802.4,1.6306496711173837,47,0.01504800401764598,
NA,Nonsense-Mediated Decay (Nmd) R-HSA-927802.4,1.6306496711173837,47,0.01504800401764598,
NA,Formation Of A Pool Of Free 40s Subunits R-HSA-72689.3,1.6259780005905358,40,0.027827222683502788,
NA,Formation Of A Pool Of Free 40s Subunits R-HSA-72689.3,1.6259780005905358,40,0.027827222683502788,
NA,Formation Of A Pool Of Free 40s Subunits R-HSA-72689.3,1.6259780005905358,40,0.027827222683502788,
NA,Formation Of A Pool Of Free 40s Subunits R-HSA-72689.3,1.6259780005905358,40,0.027827222683502788,
NA,Influenza Viral Rna Transcription And Replication 168273,1.5729826786124324,50,0.026390066950727695,
NA,Influenza Viral Rna Transcription And Replication 168273,1.5729826786124324,50,0.026390066950727695,
NA,Influenza Viral Rna Transcription And Replication 168273,1.5729826786124324,50,0.026390066950727695,
NA,Influenza Viral Rna Transcription And Replication 168273,1.5729826786124324,50,0.026390066950727695,
NA,Response Of Eif2ak4 (Gcn2) To Amino Acid Deficiency R-HSA-9633012.4,1.566341799527137,41,0.04558301456865338,
NA,Response Of Eif2ak4 (Gcn2) To Amino Acid Deficiency R-HSA-9633012.4,1.566341799527137,41,0.04558301456865338,
NA,Response Of Eif2ak4 (Gcn2) To Amino Acid Deficiency R-HSA-9633012.4,1.566341799527137,41,0.04558301456865338,
NA,Response Of Eif2ak4 (Gcn2) To Amino Acid Deficiency R-HSA-9633012.4,1.566341799527137,41,0.04558301456865338,
NA,Gtp Hydrolysis And Joining Of The 60s Ribosomal Subunit R-HSA-72706.4,1.5612793803571117,49,0.040653235797624344,
NA,Gtp Hydrolysis And Joining Of The 60s Ribosomal Subunit R-HSA-72706.4,1.5612793803571117,49,0.040653235797624344,
NA,Gtp Hydrolysis And Joining Of The 60s Ribosomal Subunit R-HSA-72706.4,1.5612793803571117,49,0.040653235797624344,
NA,Gtp Hydrolysis And Joining Of The 60s Ribosomal Subunit R-HSA-72706.4,1.5612793803571117,49,0.040653235797624344,
NA,L13a-Mediated Translational Silencing Of Ceruloplasmin Expression R-HSA-156827.5,1.54548338569941,48,0.040653235797624344,
NA,L13a-Mediated Translational Silencing Of Ceruloplasmin Expression R-HSA-156827.5,1.54548338569941,48,0.040653235797624344,
NA,L13a-Mediated Translational Silencing Of Ceruloplasmin Expression R-HSA-156827.5,1.54548338569941,48,0.040653235797624344,
NA,L13a-Mediated Translational Silencing Of Ceruloplasmin Expression R-HSA-156827.5,1.54548338569941,48,0.040653235797624344,
NA,Cap-Dependent Translation Initiation R-HSA-72737.4,1.526533848595661,54,0.0407673531410416,
NA,Cap-Dependent Translation Initiation R-HSA-72737.4,1.526533848595661,54,0.0407673531410416,
NA,Cap-Dependent Translation Initiation R-HSA-72737.4,1.526533848595661,54,0.0407673531410416,
NA,Cap-Dependent Translation Initiation R-HSA-72737.4,1.526533848595661,54,0.0407673531410416,
NA,Eukaryotic Translation Initiation R-HSA-72613.5,1.526533848595661,54,0.0407673531410416,
NA,Eukaryotic Translation Initiation R-HSA-72613.5,1.526533848595661,54,0.0407673531410416,
NA,Eukaryotic Translation Initiation R-HSA-72613.5,1.526533848595661,54,0.0407673531410416,
NA,Eukaryotic Translation Initiation R-HSA-72613.5,1.526533848595661,54,0.0407673531410416,
NA,Influenza Infection R-HSA-168255.6,1.5082373019064823,61,0.040516646455324344,
NA,Influenza Infection R-HSA-168255.6,1.5082373019064823,61,0.040516646455324344,
NA,Influenza Infection R-HSA-168255.6,1.5082373019064823,61,0.040516646455324344,
NA,Influenza Infection R-HSA-168255.6,1.5082373019064823,61,0.040516646455324344,
NA,Respiratory Electron Transport 611105,1.5040285356408605,86,0.011486172206095444,
NA,Respiratory Electron Transport 611105,1.5040285356408605,86,0.011486172206095444,
NA,Respiratory Electron Transport 611105,1.5040285356408605,86,0.011486172206095444,
NA,Respiratory Electron Transport 611105,1.5040285356408605,86,0.011486172206095444,
NA,Pre-Mrna Splicing 72163,1.4845516045730744,115,0.006464218805261576,
NA,Pre-Mrna Splicing 72163,1.4845516045730744,115,0.006464218805261576,
NA,Pre-Mrna Splicing 72163,1.4845516045730744,115,0.006464218805261576,
NA,Pre-Mrna Splicing 72163,1.4845516045730744,115,0.006464218805261576,
NA,Mrna Splicing 72172,1.481824032637225,121,0.006094618236291741,
NA,Mrna Splicing 72172,1.481824032637225,121,0.006094618236291741,
NA,Mrna Splicing 72172,1.481824032637225,121,0.006094618236291741,
NA,Mrna Splicing 72172,1.481824032637225,121,0.006094618236291741,
NA,Regulation Of Expression Of Slits And Robos R-HSA-9010553.2,1.471929140446334,75,0.040653235797624344,
NA,Regulation Of Expression Of Slits And Robos R-HSA-9010553.2,1.471929140446334,75,0.040653235797624344,
NA,Regulation Of Expression Of Slits And Robos R-HSA-9010553.2,1.471929140446334,75,0.040653235797624344,
NA,Regulation Of Expression Of Slits And Robos R-HSA-9010553.2,1.471929140446334,75,0.040653235797624344,
NA,Processing Of Capped Intron-Containing Pre-Mrna 72203,1.469285389954009,161,0.0011157844751356785,
NA,Processing Of Capped Intron-Containing Pre-Mrna 72203,1.469285389954009,161,0.0011157844751356785,
NA,Processing Of Capped Intron-Containing Pre-Mrna 72203,1.469285389954009,161,0.0011157844751356785,
NA,Processing Of Capped Intron-Containing Pre-Mrna 72203,1.469285389954009,161,0.0011157844751356785,
NA,Clathrin-Mediated Endocytosis R-HSA-8856828.5,1.4536865838582753,80,0.04972290203268287,
NA,Clathrin-Mediated Endocytosis R-HSA-8856828.5,1.4536865838582753,80,0.04972290203268287,
NA,Clathrin-Mediated Endocytosis R-HSA-8856828.5,1.4536865838582753,80,0.04972290203268287,
NA,Clathrin-Mediated Endocytosis R-HSA-8856828.5,1.4536865838582753,80,0.04972290203268287,
NA,Mrna 3'-End Processing 72187,1.4390130010430824,91,0.03037953089309488,
NA,Mrna 3'-End Processing 72187,1.4390130010430824,91,0.03037953089309488,
NA,Mrna 3'-End Processing 72187,1.4390130010430824,91,0.03037953089309488,
NA,Mrna 3'-End Processing 72187,1.4390130010430824,91,0.03037953089309488,
NA,Hallmark_oxidative_phosphorylation HALLMARK_OXIDATIVE_PHOSPHORYLATION,1.4225086327917325,95,0.0407673531410416,
NA,Hallmark_oxidative_phosphorylation HALLMARK_OXIDATIVE_PHOSPHORYLATION,1.4225086327917325,95,0.0407673531410416,
NA,Hallmark_oxidative_phosphorylation HALLMARK_OXIDATIVE_PHOSPHORYLATION,1.4225086327917325,95,0.0407673531410416,
NA,Hallmark_oxidative_phosphorylation HALLMARK_OXIDATIVE_PHOSPHORYLATION,1.4225086327917325,95,0.0407673531410416,
NA,Dengue Virus-Host Interactions 9918481,1.4062097093769925,139,0.01504800401764598,
NA,Dengue Virus-Host Interactions 9918481,1.4062097093769925,139,0.01504800401764598,
NA,Dengue Virus-Host Interactions 9918481,1.4062097093769925,139,0.01504800401764598,
NA,Dengue Virus-Host Interactions 9918481,1.4062097093769925,139,0.01504800401764598,
NA,Dengue Virus Infection R-HSA-9839923.1,1.3782371854575952,202,0.005997061984996892,
NA,Dengue Virus Infection R-HSA-9839923.1,1.3782371854575952,202,0.005997061984996892,
NA,Dengue Virus Infection R-HSA-9839923.1,1.3782371854575952,202,0.005997061984996892,
NA,Dengue Virus Infection R-HSA-9839923.1,1.3782371854575952,202,0.005997061984996892,
NA,Aerobic Respiration And Respiratory Electron Transport R-HSA-1428517.8,1.3675814369941994,135,0.044098237899013765,
NA,Aerobic Respiration And Respiratory Electron Transport R-HSA-1428517.8,1.3675814369941994,135,0.044098237899013765,
NA,Aerobic Respiration And Respiratory Electron Transport R-HSA-1428517.8,1.3675814369941994,135,0.044098237899013765,
NA,Aerobic Respiration And Respiratory Electron Transport R-HSA-1428517.8,1.3675814369941994,135,0.044098237899013765,
GO:0006282,Regulation Of Dna Repair GO:0006282,1.3662367034675469,141,0.026390066950727695,
NA,Translation R-HSA-72766.7,1.3656131699599428,202,0.006094618236291741,
NA,Translation R-HSA-72766.7,1.3656131699599428,202,0.006094618236291741,
NA,Translation R-HSA-72766.7,1.3656131699599428,202,0.006094618236291741,
NA,Translation R-HSA-72766.7,1.3656131699599428,202,0.006094618236291741,
GO:0008380,Rna Splicing GO:0008380,1.3037637365414179,216,0.0407673531410416,
GO:0080135,Regulation Of Cellular Response To Stress GO:0080135,1.3028963733557446,294,0.006464218805261576,
NA,Viral Infection Pathways R-HSA-9824446.5,1.2919634275964078,557,2.909037736734172e-4,
NA,Viral Infection Pathways R-HSA-9824446.5,1.2919634275964078,557,2.909037736734172e-4,
NA,Viral Infection Pathways R-HSA-9824446.5,1.2919634275964078,557,2.909037736734172e-4,
NA,Viral Infection Pathways R-HSA-9824446.5,1.2919634275964078,557,2.909037736734172e-4,
NA,Vesicle-Mediated Transport R-HSA-5653656.4,1.2821174265477655,376,0.006094618236291741,
NA,Vesicle-Mediated Transport R-HSA-5653656.4,1.2821174265477655,376,0.006094618236291741,
NA,Vesicle-Mediated Transport R-HSA-5653656.4,1.2821174265477655,376,0.006094618236291741,
NA,Vesicle-Mediated Transport R-HSA-5653656.4,1.2821174265477655,376,0.006094618236291741,
NA,Membrane Trafficking R-HSA-199991.8,1.277388767008767,357,0.012683571236685044,
NA,Membrane Trafficking R-HSA-199991.8,1.277388767008767,357,0.012683571236685044,
NA,Membrane Trafficking R-HSA-199991.8,1.277388767008767,357,0.012683571236685044,
NA,Membrane Trafficking R-HSA-199991.8,1.277388767008767,357,0.012683571236685044,
GO:0051052,Regulation Of Dna Metabolic Process GO:0051052,1.2764098916016227,305,0.025069407858709133,
GO:0006325,Chromatin Organization GO:0006325,1.2749563638995411,469,0.0013267197204688255,
GO:0051668,Localization Within Membrane GO:0051668,1.271242327191508,311,0.018167946342544306,
NA,Metabolism Of Proteins R-HSA-392499.12,1.2552919636085083,1076,3.0705203482088856e-5,
NA,Metabolism Of Proteins R-HSA-392499.12,1.2552919636085083,1076,3.0705203482088856e-5,
NA,Metabolism Of Proteins R-HSA-392499.12,1.2552919636085083,1076,3.0705203482088856e-5,
NA,Metabolism Of Proteins R-HSA-392499.12,1.2552919636085083,1076,3.0705203482088856e-5,
NA,Infectious Disease R-HSA-5663205.14,1.2524120131158762,658,6.227942172758438e-4,
NA,Infectious Disease R-HSA-5663205.14,1.2524120131158762,658,6.227942172758438e-4,
NA,Infectious Disease R-HSA-5663205.14,1.2524120131158762,658,6.227942172758438e-4,
NA,Infectious Disease R-HSA-5663205.14,1.2524120131158762,658,6.227942172758438e-4,
GO:0006338,Chromatin Remodeling GO:0006338,1.238676545710049,370,0.040653235797624344,
NA,Metabolism Of Rna 8953854,1.2324709128813827,436,0.027827222683502788,
NA,Metabolism Of Rna 8953854,1.2324709128813827,436,0.027827222683502788,
NA,Metabolism Of Rna 8953854,1.2324709128813827,436,0.027827222683502788,
NA,Metabolism Of Rna 8953854,1.2324709128813827,436,0.027827222683502788,
GO:0016071,Mrna Metabolic Process GO:0016071,1.2301367775978491,346,0.04478566956780243,
GO:0065003,Protein-Containing Complex Assembly GO:0065003,1.2095552458477672,679,0.017368741903064738,
GO:0043933,Protein-Containing Complex Organization GO:0043933,1.199635243157085,752,0.01734191294822575,
NA,Post-Translational Protein Modification 597592,1.1845126661103094,764,0.019672685463160446,
NA,Post-Translational Protein Modification 597592,1.1845126661103094,764,0.019672685463160446,
NA,Post-Translational Protein Modification 597592,1.1845126661103094,764,0.019672685463160446,
NA,Post-Translational Protein Modification 597592,1.1845126661103094,764,0.019672685463160446,
GO:0043170,Macromolecule Metabolic Process GO:0043170,1.1814788944157195,3330,4.226768526649415e-5,
GO:0016070,Rna Metabolic Process GO:0016070,1.1661947568263338,1609,0.002504486626755984,
GO:0010467,Gene Expression GO:0010467,1.1644757229491787,2018,0.0011157844751356785,
GO:0009059,Macromolecule Biosynthetic Process GO:0009059,1.1544293779503427,2199,0.002504486626755984,
GO:0034654,Nucleobase-Containing Compound Biosynthetic Process GO:0034654,1.1455307744062861,1728,0.009020803955414583,
GO:0090304,Nucleic Acid Metabolic Process GO:0090304,1.1417460718177905,1934,0.01089200410505646,
GO:0032774,Rna Biosynthetic Process GO:0032774,1.140496717715479,1526,0.029781944049254497,
GO:0141187,Nucleic Acid Biosynthetic Process GO:0141187,1.1390899137996897,1570,0.02522775085023218,
GO:0044238,Primary Metabolic Process GO:0044238,1.135007213984383,4035,0.011486172206095444,
GO:0006139,Nucleobase-Containing Compound Metabolic Process GO:0006139,1.1244992037057953,2217,0.01869181356456983,
GO:0009058,Biosynthetic Process GO:0009058,1.119910388713444,2766,0.027068321979891785,
GO:0008152,Metabolic Process GO:0008152,1.1153488043922322,4334,0.040516646455324344,
