Kinase,Score,Rank,Method,Perc,Qrt,group,KinaseFamily,subfamily,hgnc_symbol
PTK2,18.055555555555557,5,PTM-SEA,0.8181818181818182,4,TK,FAK,FAK,PTK2
MAP2K7,0,13,PTM-SEA,0,1,STE,STE7,MEK7,MAP2K7
JAK2,-8.808624068659006,7,PTM-SEA,0.7575757575757576,4,TK,JAKA,JAKA,JAK2
MAP3K6,0,13,PTM-SEA,0,1,STE,STE11,ASK,MAP3K6
ABL1,0,13,PTM-SEA,0,1,TK,ABL,ABL,ABL1
EGFR,-23.474529155507778,2,PTM-SEA,0.9696969696969697,4,TK,EGFR,EGFR,EGFR
INSR,-3.9823565119451825,11,PTM-SEA,0.6060606060606061,3,TK,INSR,INSR,INSR
LCK,0,13,PTM-SEA,0,1,TK,SRC,SRCB,LCK
FYN,27.24145090796482,1,PTM-SEA,1,4,TK,SRC,SRCA,FYN
YES1,0,13,PTM-SEA,0,1,TK,SRC,SRCA,YES1
LYN,0,13,PTM-SEA,0,1,TK,SRC,SRCB,LYN
RET,11.804873256347566,6,PTM-SEA,0.7878787878787878,4,TK,RET,RET,RET
MET,18.055555555555557,5,PTM-SEA,0.8181818181818182,4,TK,MET,MET,MET
HCK,-7.443996980902083,9,PTM-SEA,0.6666666666666666,3,TK,SRC,SRCB,HCK
PDGFRB,0,13,PTM-SEA,0,1,TK,PDGFR,PDGFR,PDGFRB
FGR,0,13,PTM-SEA,0,1,TK,SRC,SRCA,FGR
SRC,19.9196858126166,4,PTM-SEA,0.9090909090909091,4,TK,SRC,SRCA,SRC
FLT1,-2.6733494323924454,12,PTM-SEA,0.5757575757575758,3,TK,VEGFR,VEGFR,FLT1
KDR,0,13,PTM-SEA,0,1,TK,VEGFR,VEGFR,KDR
MAP2K2,0,13,PTM-SEA,0,1,STE,STE7,MEK1,MAP2K2
CSK,0,13,PTM-SEA,0,1,TK,CSK,CSK,CSK
MATK,0,13,PTM-SEA,0,1,TK,CSK,CSK,MATK
ZAP70,-7.443996980902083,9,PTM-SEA,0.6666666666666666,3,TK,SYK,SYK,ZAP70
SYK,0,13,PTM-SEA,0,1,TK,SYK,SYK,SYK
MAP2K4,-4.174364509176365,10,PTM-SEA,0.6363636363636364,3,STE,STE7,MEK4,MAP2K4
MAP2K3,0,13,PTM-SEA,0,1,STE,STE7,MEK3,MAP2K3
BMX,18.055555555555557,5,PTM-SEA,0.8181818181818182,4,TK,TEC,TEC,BMX
MAP2K6,0,13,PTM-SEA,0,1,STE,STE7,MEK3,MAP2K6
EPHA4,0,13,PTM-SEA,0,1,TK,EPH,EPH,EPHA4
MAP2K1,-8.288405363599704,8,PTM-SEA,0.7272727272727273,3,STE,STE7,MEK1,MAP2K1
ITK,-20.08688868672099,3,PTM-SEA,0.9393939393939394,4,TK,TEC,TEC,ITK
DYRK1A,0,13,PTM-SEA,0,1,CMGC,DYRK,DYRK1,DYRK1A
MAP3K5,0,13,PTM-SEA,0,1,STE,STE11,ASK,MAP3K5
ALK,0,13,PTM-SEA,0,1,TK,ALK,ALK,ALK
AAK1,311,274,KEA3,0.06285714285714286,1,OTHER,NAK,BIKE,AAK1
ABL1,48.33333333333333,31,KEA3,0.9085714285714286,4,TK,ABL,ABL,ABL1
ABL2,110.66666666666667,111,KEA3,0.6285714285714286,3,TK,ABL,ABL,ABL2
ACVR1,136.5,147,KEA3,0.48857142857142855,2,TKL,STKR,TYPE1,ACVR1
ACVR1B,218.5,212,KEA3,0.2542857142857143,2,TKL,STKR,TYPE1,ACVR1B
ACVR2B,21,11,KEA3,0.9714285714285714,4,TKL,STKR,TYPE2,ACVR2B
AKT1,89,78,KEA3,0.74,3,AGC,AKT,AKT,AKT1
AKT2,98.33333333333333,93,KEA3,0.6885714285714286,3,AGC,AKT,AKT,AKT2
AKT3,155,162,KEA3,0.42857142857142855,2,AGC,AKT,AKT,AKT3
ALK,35,16,KEA3,0.9571428571428572,4,TK,ALK,ALK,ALK
ARAF,75.5,57,KEA3,0.8114285714285714,4,TKL,RAF,RAF,ARAF
ATM,98,92,KEA3,0.6914285714285714,3,ATYPICAL,PIKK,ATM,ATM
ATR,106,107,KEA3,0.6428571428571429,3,ATYPICAL,PIKK,ATR,ATR
AURKA,90.66666666666667,81,KEA3,0.7257142857142858,3,OTHER,AUR,AUR,AURKA
AURKB,79,62,KEA3,0.7971428571428572,4,OTHER,AUR,AUR,AURKB
AURKC,185,181,KEA3,0.36857142857142855,2,OTHER,AUR,AUR,AURKC
AXL,126,133,KEA3,0.5485714285714286,3,TK,AXL,AXL,AXL
BLK,262.5,248,KEA3,0.13714285714285715,1,TK,SRC,SRCB,BLK
BMP2K,329,288,KEA3,0.022857142857142857,1,OTHER,NAK,BIKE,BMP2K
BMPR1A,136.5,147,KEA3,0.48857142857142855,2,TKL,STKR,TYPE1,BMPR1A
BMPR1B,114,115,KEA3,0.6085714285714285,3,TKL,STKR,TYPE1,BMPR1B
BMPR2,226,216,KEA3,0.23714285714285716,1,TKL,STKR,TYPE2,BMPR2
BMX,62,47,KEA3,0.8485714285714285,4,TK,TEC,TEC,BMX
BRAF,176.5,174,KEA3,0.38857142857142857,2,TKL,RAF,RAF,BRAF
BRSK1,226.33333333333334,217,KEA3,0.2342857142857143,1,CAMK,CAMKL,BRSK,BRSK1
BRSK2,315,278,KEA3,0.05142857142857143,1,CAMK,CAMKL,BRSK,BRSK2
BTK,75.66666666666667,58,KEA3,0.8085714285714286,4,TK,TEC,TEC,BTK
BUB1,191.5,191,KEA3,0.3314285714285714,2,OTHER,BUB,BUB,BUB1
CAMK1,199,196,KEA3,0.3171428571428571,2,CAMK,CAMK1,CAMK1,CAMK1
CAMK1D,255.5,243,KEA3,0.15142857142857144,1,CAMK,CAMK1,CAMK1,CAMK1D
CAMK2A,109.33333333333333,110,KEA3,0.6342857142857142,3,CAMK,CAMK2,CAMK2,CAMK2A
CAMK2B,186.5,183,KEA3,0.3628571428571429,2,CAMK,CAMK2,CAMK2,CAMK2B
CAMK2D,129.66666666666666,139,KEA3,0.5228571428571429,3,CAMK,CAMK2,CAMK2,CAMK2D
CAMK2G,13,4,KEA3,0.9914285714285714,4,CAMK,CAMK2,CAMK2,CAMK2G
CAMK4,111.66666666666667,112,KEA3,0.6257142857142857,3,CAMK,CAMK1,CAMK1,CAMK4
CAMKK1,154.33333333333334,161,KEA3,0.43714285714285717,2,OTHER,CAMKK,META,CAMKK1
CAMKK2,178,176,KEA3,0.38285714285714284,2,OTHER,CAMKK,META,CAMKK2
CDC42BPA,284,265,KEA3,0.08857142857142856,1,AGC,DMPK,GEK,CDC42BPA
CDC7,206,202,KEA3,0.2885714285714286,2,OTHER,CDC7,CDC7,CDC7
CDK1,120,121,KEA3,0.5914285714285714,3,CMGC,CDK,CDC2,CDK1
CDK11A,268,252,KEA3,0.12571428571428572,1,CMGC,CDK,CDK11,CDK11A
CDK11A,268,252,KEA3,0.12571428571428572,1,NA,NA,NA,CDK11A
CDK12,273,256,KEA3,0.11428571428571428,1,CMGC,CDK,CRK7,CDK12
CDK15,201,198,KEA3,0.3057142857142857,2,CMGC,CDK,PFTAIRE,CDK15
CDK16,94,84,KEA3,0.7171428571428572,3,CMGC,CDK,PCTAIRE,CDK16
CDK18,242,230,KEA3,0.19142857142857142,1,CMGC,CDK,PCTAIRE,CDK18
CDK19,252,239,KEA3,0.1657142857142857,1,CMGC,CDK,CDK8,CDK19
CDK2,83,68,KEA3,0.78,4,CMGC,CDK,CDC2,CDK2
CDK20,282,263,KEA3,0.09428571428571429,1,CMGC,CDK,CCRK,CDK20
CDK3,28.666666666666668,14,KEA3,0.9628571428571429,4,CMGC,CDK,CDC2,CDK3
CDK4,54.666666666666664,35,KEA3,0.8914285714285715,4,CMGC,CDK,CDK4,CDK4
CDK5,56,36,KEA3,0.8885714285714286,4,CMGC,CDK,CDK5,CDK5
CDK6,84.66666666666667,70,KEA3,0.7742857142857142,4,CMGC,CDK,CDK4,CDK6
CDK7,114,115,KEA3,0.6085714285714285,3,CMGC,CDK,CDK7,CDK7
CDK8,227,218,KEA3,0.22857142857142856,1,CMGC,CDK,CDK8,CDK8
CDK9,86.66666666666667,72,KEA3,0.7657142857142857,4,CMGC,CDK,CDK9,CDK9
CDKL3,280,262,KEA3,0.09714285714285714,1,CMGC,CDKL,CDKL,CDKL3
CDKL5,123.5,126,KEA3,0.5685714285714286,3,CMGC,CDKL,CDKL,CDKL5
CHEK1,75,56,KEA3,0.8142857142857143,4,CAMK,CAMKL,CHK1,CHEK1
CHEK2,60.666666666666664,43,KEA3,0.8628571428571429,4,CAMK,RAD53,RAD53,CHEK2
CHUK,112,113,KEA3,0.62,3,OTHER,IKK,IKK,CHUK
CLK1,61,44,KEA3,0.86,4,CMGC,CLK,CLK,CLK1
CLK2,89,78,KEA3,0.74,3,CMGC,CLK,CLK,CLK2
CLK3,192,192,KEA3,0.32857142857142857,2,CMGC,CLK,CLK,CLK3
CLK4,327,287,KEA3,0.025714285714285714,1,CMGC,CLK,CLK,CLK4
CSF1R,229,219,KEA3,0.2257142857142857,1,TK,PDGFR,PDGFR,CSF1R
CSK,5.666666666666667,2,KEA3,0.9971428571428571,4,TK,CSK,CSK,CSK
CSNK1A1,127,134,KEA3,0.5428571428571428,3,CK1,CK1,CK1-A,CSNK1A1
CSNK1A1L,266,250,KEA3,0.13142857142857142,1,CK1,CK1,CK1-A,CSNK1A1L
CSNK1D,124.66666666666667,130,KEA3,0.5571428571428572,3,CK1,CK1,CK1-D,CSNK1D
CSNK1E,128.66666666666666,137,KEA3,0.5285714285714286,3,CK1,CK1,CK1-D,CSNK1E
CSNK1G1,238,226,KEA3,0.20285714285714285,1,CK1,CK1,CK1-G,CSNK1G1
CSNK1G2,218.5,212,KEA3,0.2542857142857143,2,CK1,CK1,CK1-G,CSNK1G2
CSNK1G3,206,202,KEA3,0.2885714285714286,2,CK1,CK1,CK1-G,CSNK1G3
CSNK2A1,103,101,KEA3,0.66,3,CMGC,CK2,CK2,CSNK2A1
CSNK2A2,102,99,KEA3,0.6685714285714286,3,CMGC,CK2,CK2,CSNK2A2
DAPK1,167.33333333333334,168,KEA3,0.4114285714285714,2,CAMK,DAPK,DAPK,DAPK1
DAPK3,202.33333333333334,199,KEA3,0.3028571428571429,2,CAMK,DAPK,DAPK,DAPK3
DCLK1,135,144,KEA3,0.5028571428571429,3,CAMK,DCAMKL,DCAMKL,DCLK1
DDR1,127,134,KEA3,0.5428571428571428,3,TK,DDR,DDR,DDR1
DDR2,14,6,KEA3,0.9857142857142858,4,TK,DDR,DDR,DDR2
DMPK,143,155,KEA3,0.46,2,AGC,DMPK,GEK,DMPK
DYRK1A,94.66666666666667,85,KEA3,0.7142857142857143,3,CMGC,DYRK,DYRK1,DYRK1A
DYRK1B,97.33333333333333,90,KEA3,0.6971428571428572,3,CMGC,DYRK,DYRK1,DYRK1B
DYRK2,51.666666666666664,34,KEA3,0.8942857142857142,4,CMGC,DYRK,DYRK2,DYRK2
DYRK3,200,197,KEA3,0.30857142857142855,2,CMGC,DYRK,DYRK2,DYRK3
DYRK4,98.5,94,KEA3,0.6828571428571428,3,CMGC,DYRK,DYRK2,DYRK4
EEF2K,207,203,KEA3,0.2857142857142857,2,ATYPICAL,ALPHA,EEF2K,EEF2K
EGFR,60.33333333333333,42,KEA3,0.8657142857142858,4,TK,EGFR,EGFR,EGFR
EIF2AK1,324,285,KEA3,0.03142857142857143,1,OTHER,PEK,HRI,EIF2AK1
EIF2AK2,130.33333333333334,140,KEA3,0.52,3,OTHER,PEK,PKR,EIF2AK2
EIF2AK3,337,294,KEA3,0.005714285714285714,1,OTHER,PEK,PEK,EIF2AK3
EPHA2,234,223,KEA3,0.21142857142857144,1,TK,EPH,EPH,EPHA2
EPHA3,80.5,66,KEA3,0.7857142857142857,4,TK,EPH,EPH,EPHA3
EPHA4,231,221,KEA3,0.22,1,TK,EPH,EPH,EPHA4
EPHA8,336,293,KEA3,0.008571428571428572,1,TK,EPH,EPH,EPHA8
EPHB1,271,255,KEA3,0.11714285714285715,1,TK,EPH,EPH,EPHB1
EPHB2,137,149,KEA3,0.4828571428571429,2,TK,EPH,EPH,EPHB2
EPHB3,39,19,KEA3,0.9485714285714286,4,TK,EPH,EPH,EPHB3
ERBB2,129.5,138,KEA3,0.5257142857142857,3,TK,EGFR,EGFR,ERBB2
ERBB4,269,253,KEA3,0.12285714285714286,1,TK,EGFR,EGFR,ERBB4
FASTK,216,210,KEA3,0.26285714285714284,2,ATYPICAL,FAST,FAST,FASTK
FER,58.5,40,KEA3,0.8742857142857143,4,TK,FER,FER,FER
FES,124,127,KEA3,0.5657142857142857,3,TK,FER,FER,FES
FGFR1,64,48,KEA3,0.84,4,TK,FGFR,FGFR,FGFR1
FGFR2,171,170,KEA3,0.40285714285714286,2,TK,FGFR,FGFR,FGFR2
FGFR3,87.5,74,KEA3,0.76,4,TK,FGFR,FGFR,FGFR3
FGFR4,48,30,KEA3,0.9114285714285715,4,TK,FGFR,FGFR,FGFR4
FGR,95,86,KEA3,0.7085714285714285,3,TK,SRC,SRCA,FGR
FLT1,183,179,KEA3,0.3742857142857143,2,TK,VEGFR,VEGFR,FLT1
FLT3,48,30,KEA3,0.9114285714285715,4,TK,PDGFR,PDGFR,FLT3
FLT4,191,189,KEA3,0.33714285714285713,2,TK,VEGFR,VEGFR,FLT4
FRK,189,186,KEA3,0.3514285714285714,2,TK,SRC,FRK,FRK
FYN,45.666666666666664,27,KEA3,0.9257142857142857,4,TK,SRC,SRCA,FYN
GRK1,333,291,KEA3,0.014285714285714285,1,AGC,GRK,GRK,GRK1
GRK2,46.666666666666664,28,KEA3,0.9228571428571428,4,AGC,GRK,BARK,GRK2
GRK3,232.5,222,KEA3,0.21428571428571427,1,AGC,GRK,BARK,GRK3
GRK5,134.66666666666666,143,KEA3,0.5114285714285715,3,AGC,GRK,GRK,GRK5
GRK6,135.66666666666666,146,KEA3,0.49714285714285716,2,AGC,GRK,GRK,GRK6
GSK3A,75,56,KEA3,0.8142857142857143,4,CMGC,GSK,GSK,GSK3A
GSK3B,86.66666666666667,72,KEA3,0.7657142857142857,4,CMGC,GSK,GSK,GSK3B
HASPIN,221,214,KEA3,0.24571428571428572,1,OTHER,HASPIN,HASPIN,HASPIN
HCK,104.33333333333333,103,KEA3,0.6542857142857142,3,TK,SRC,SRCB,HCK
HIPK1,121,123,KEA3,0.58,3,CMGC,DYRK,HIPK,HIPK1
HIPK2,128,135,KEA3,0.5342857142857143,3,CMGC,DYRK,HIPK,HIPK2
HIPK3,305,270,KEA3,0.07428571428571429,1,CMGC,DYRK,HIPK,HIPK3
HIPK4,175,172,KEA3,0.3942857142857143,2,CMGC,DYRK,HIPK,HIPK4
ICK,285,266,KEA3,0.08571428571428572,1,CMGC,RCK,RCK,CILK1
IGF1R,136.66666666666666,148,KEA3,0.4857142857142857,2,TK,INSR,INSR,IGF1R
IKBKB,114.66666666666667,116,KEA3,0.6057142857142858,3,OTHER,IKK,IKK,IKBKB
IKBKE,124.33333333333333,128,KEA3,0.5628571428571428,3,OTHER,IKK,IKK,IKBKE
ILK,157,163,KEA3,0.4257142857142857,2,TKL,MLK,ILK,ILK
INSR,115,117,KEA3,0.6028571428571429,3,TK,INSR,INSR,INSR
IRAK1,99,96,KEA3,0.6771428571428572,3,TKL,IRAK,IRAK,IRAK1
IRAK3,260,247,KEA3,0.14,1,TKL,IRAK,IRAK,IRAK3
IRAK4,283,264,KEA3,0.09142857142857143,1,TKL,IRAK,IRAK,IRAK4
ITK,49.333333333333336,32,KEA3,0.9028571428571428,4,TK,TEC,TEC,ITK
JAK1,90,79,KEA3,0.7314285714285714,3,TK,JAKA,JAKA,JAK1
JAK2,19.666666666666668,10,KEA3,0.9742857142857143,4,TK,JAKA,JAKA,JAK2
JAK3,121,123,KEA3,0.58,3,TK,JAKA,JAKA,JAK3
KDR,195,193,KEA3,0.32571428571428573,2,TK,VEGFR,VEGFR,KDR
KIT,8,3,KEA3,0.9942857142857143,4,TK,PDGFR,PDGFR,KIT
KSR1,186,182,KEA3,0.3657142857142857,2,TKL,RAF,KSR,KSR1
KSR2,89,78,KEA3,0.74,3,TKL,RAF,KSR,KSR2
LATS1,209.66666666666666,208,KEA3,0.26857142857142857,2,AGC,NDR,NDR,LATS1
LATS2,107.5,108,KEA3,0.64,3,AGC,NDR,NDR,LATS2
LCK,38.666666666666664,18,KEA3,0.9514285714285714,4,TK,SRC,SRCB,LCK
LIMK1,225,215,KEA3,0.24,1,TKL,LISK,LIMK,LIMK1
LIMK2,128.5,136,KEA3,0.5314285714285715,3,TKL,LISK,LIMK,LIMK2
LRRK2,124.5,129,KEA3,0.56,3,TKL,LRRK,LRRK,LRRK2
LYN,45,25,KEA3,0.9314285714285714,4,TK,SRC,SRCB,LYN
MAK,200,197,KEA3,0.30857142857142855,2,CMGC,RCK,RCK,MAK
MAP2K1,60.33333333333333,42,KEA3,0.8657142857142858,4,STE,STE7,MEK1,MAP2K1
MAP2K2,98.5,94,KEA3,0.6828571428571428,3,STE,STE7,MEK1,MAP2K2
MAP2K3,215,209,KEA3,0.26571428571428574,2,STE,STE7,MEK3,MAP2K3
MAP2K4,58.66666666666667,41,KEA3,0.8714285714285714,4,STE,STE7,MEK4,MAP2K4
MAP2K6,38,17,KEA3,0.9542857142857143,4,STE,STE7,MEK3,MAP2K6
MAP2K7,136.5,147,KEA3,0.48857142857142855,2,STE,STE7,MEK7,MAP2K7
MAP3K1,241,229,KEA3,0.19428571428571428,1,STE,STE11,MEKK1,MAP3K1
MAP3K10,184,180,KEA3,0.37142857142857144,2,TKL,MLK,MLK,MAP3K10
MAP3K11,168.33333333333334,169,KEA3,0.4085714285714286,2,TKL,MLK,MLK,MAP3K11
MAP3K13,239.5,228,KEA3,0.19714285714285715,1,TKL,MLK,LZK,MAP3K13
MAP3K14,155,162,KEA3,0.42857142857142855,2,STE,STE-UNIQUE,STE-UNIQUE,MAP3K14
MAP3K20,286,267,KEA3,0.08285714285714285,1,TKL,MLK,ZAK,MAP3K20
MAP3K3,248,236,KEA3,0.1742857142857143,1,STE,STE11,MEKK2,MAP3K3
MAP3K4,314,277,KEA3,0.054285714285714284,1,STE,STE11,MEKK4,MAP3K4
MAP3K5,41.666666666666664,22,KEA3,0.94,4,STE,STE11,ASK,MAP3K5
MAP3K6,239,227,KEA3,0.2,1,STE,STE11,ASK,MAP3K6
MAP3K7,110.66666666666667,111,KEA3,0.6285714285714286,3,TKL,MLK,TAK1,MAP3K7
MAP3K8,189.5,187,KEA3,0.3457142857142857,2,STE,STE-UNIQUE,STE-UNIQUE,MAP3K8
MAP4K1,196,194,KEA3,0.32285714285714284,2,STE,STE20,KHS,MAP4K1
MAP4K2,90,79,KEA3,0.7314285714285714,3,STE,STE20,KHS,MAP4K2
MAP4K3,308,272,KEA3,0.06857142857142857,1,STE,STE20,KHS,MAP4K3
MAP4K4,276,259,KEA3,0.10571428571428572,1,STE,STE20,MSN,MAP4K4
MAP4K5,171,170,KEA3,0.40285714285714286,2,STE,STE20,KHS,MAP4K5
MAPK1,92.66666666666667,83,KEA3,0.72,3,CMGC,MAPK,ERK1,MAPK1
MAPK10,113,114,KEA3,0.6171428571428571,3,CMGC,MAPK,JNK,MAPK10
MAPK11,61.666666666666664,46,KEA3,0.8542857142857143,4,CMGC,MAPK,P38,MAPK11
MAPK12,103,101,KEA3,0.66,3,CMGC,MAPK,P38,MAPK12
MAPK13,141.33333333333334,153,KEA3,0.4685714285714286,2,CMGC,MAPK,P38,MAPK13
MAPK14,49.333333333333336,32,KEA3,0.9028571428571428,4,CMGC,MAPK,P38,MAPK14
MAPK15,100.5,98,KEA3,0.6714285714285714,3,CMGC,MAPK,ERK7,MAPK15
MAPK3,90.66666666666666,80,KEA3,0.7285714285714285,3,CMGC,MAPK,ERK1,MAPK3
MAPK6,247,235,KEA3,0.17714285714285713,1,CMGC,MAPK,ERK3,MAPK6
MAPK7,139.33333333333334,152,KEA3,0.4714285714285714,2,CMGC,MAPK,ERK5,MAPK7
MAPK8,98.66666666666667,95,KEA3,0.68,3,CMGC,MAPK,JNK,MAPK8
MAPK9,58,38,KEA3,0.8828571428571429,4,CMGC,MAPK,JNK,MAPK9
MAPKAPK2,107.66666666666667,109,KEA3,0.6371428571428571,3,CAMK,MAPKAPK,MAPKAPK,MAPKAPK2
MAPKAPK3,310,273,KEA3,0.06571428571428571,1,CAMK,MAPKAPK,MAPKAPK,MAPKAPK3
MAPKAPK5,114,115,KEA3,0.6085714285714285,3,CAMK,MAPKAPK,MAPKAPK,MAPKAPK5
MARK2,155,162,KEA3,0.42857142857142855,2,CAMK,CAMKL,MARK,MARK2
MARK3,191.33333333333334,190,KEA3,0.3342857142857143,2,CAMK,CAMKL,MARK,MARK3
MARK4,335,292,KEA3,0.011428571428571429,1,CAMK,CAMKL,MARK,MARK4
MAST1,242.5,231,KEA3,0.18857142857142858,1,AGC,MAST,MAST,MAST1
MAST2,323,284,KEA3,0.03428571428571429,1,AGC,MAST,MAST,MAST2
MATK,70,52,KEA3,0.8285714285714286,4,TK,CSK,CSK,MATK
MELK,279,261,KEA3,0.1,1,CAMK,CAMKL,MELK,MELK
MERTK,153,159,KEA3,0.44285714285714284,2,TK,AXL,AXL,MERTK
MET,19,9,KEA3,0.9771428571428571,4,TK,MET,MET,MET
MKNK1,173,171,KEA3,0.4,2,CAMK,MAPKAPK,MNK,MKNK1
MKNK2,243.5,232,KEA3,0.18571428571428572,1,CAMK,MAPKAPK,MNK,MKNK2
MOK,254.5,241,KEA3,0.16,1,CMGC,RCK,RCK,MOK
MOS,313,276,KEA3,0.05714285714285714,1,OTHER,MOS,MOS,MOS
MST1R,176,173,KEA3,0.3914285714285714,2,TK,MET,MET,MST1R
MTOR,135,144,KEA3,0.5028571428571429,3,ATYPICAL,PIKK,FRAP,MTOR
MYLK2,202.5,200,KEA3,0.29714285714285715,2,CAMK,MLCK,MLCK,MYLK2
MYO3A,256,244,KEA3,0.14857142857142858,1,STE,STE20,NINAC,MYO3A
NEK10,250,237,KEA3,0.17142857142857143,1,OTHER,NEK,NEK10,NEK10
NEK11,322,283,KEA3,0.037142857142857144,1,OTHER,NEK,NEK11,NEK11
NEK2,87,73,KEA3,0.7628571428571429,4,OTHER,NEK,NEK2,NEK2
NEK3,187,184,KEA3,0.36,2,OTHER,NEK,NEK1,NEK3
NEK4,209.5,207,KEA3,0.2714285714285714,2,OTHER,NEK,NEK4,NEK4
NEK6,51,33,KEA3,0.9,4,OTHER,NEK,NEK6,NEK6
NEK8,200,197,KEA3,0.30857142857142855,2,OTHER,NEK,NEK8,NEK8
NEK9,72,54,KEA3,0.8228571428571428,4,OTHER,NEK,NEK8,NEK9
NIM1K,258,245,KEA3,0.1457142857142857,1,CAMK,CAMKL,NIM1,NIM1K
NLK,161.33333333333334,167,KEA3,0.4142857142857143,2,CMGC,MAPK,NMO,NLK
NPR2,115.5,118,KEA3,0.6,3,RGC,RGC,RGC,NPR2
NRBP2,227,218,KEA3,0.22857142857142856,1,OTHER,NRBP,NRBP,NRBP2
NTRK1,47,29,KEA3,0.9171428571428571,4,TK,TRK,TRK,NTRK1
NTRK2,277,260,KEA3,0.10285714285714286,1,TK,TRK,TRK,NTRK2
NTRK3,147,157,KEA3,0.4542857142857143,2,TK,TRK,TRK,NTRK3
NUAK1,118.33333333333333,119,KEA3,0.5971428571428572,3,CAMK,CAMKL,NUAK,NUAK1
NUAK2,307,271,KEA3,0.07142857142857142,1,CAMK,CAMKL,NUAK,NUAK2
OXSR1,275,258,KEA3,0.10857142857142857,1,STE,STE20,FRAY,OXSR1
PAK1,95,86,KEA3,0.7085714285714285,3,STE,STE20,PAKA,PAK1
PAK2,105.66666666666667,106,KEA3,0.6457142857142857,3,STE,STE20,PAKA,PAK2
PAK3,189,186,KEA3,0.3514285714285714,2,STE,STE20,PAKA,PAK3
PAK4,74.66666666666667,55,KEA3,0.82,4,STE,STE20,PAKB,PAK4
PAK5,267,251,KEA3,0.12857142857142856,1,STE,STE20,PAKB,PAK5
PAK6,207.5,204,KEA3,0.28285714285714286,2,STE,STE20,PAKB,PAK6
PASK,244,233,KEA3,0.18285714285714286,1,CAMK,CAMKL,PASK,PASK
PBK,208.33333333333334,205,KEA3,0.28,2,OTHER,TOPK,TOPK,PBK
PDGFRA,112,113,KEA3,0.62,3,TK,PDGFR,PDGFR,PDGFRA
PDGFRB,13.666666666666668,5,KEA3,0.9885714285714285,4,TK,PDGFR,PDGFR,PDGFRB
PDIK1L,312,275,KEA3,0.06,1,OTHER,NKF4,NKF4,PDIK1L
PDK1,64,48,KEA3,0.84,4,ATYPICAL,PDHK,PDHK,PDK1
PDPK1,39.5,20,KEA3,0.9457142857142857,4,AGC,PDK1,PDK1,PDPK1
PIK3CA,42,23,KEA3,0.9371428571428572,4,NA,NA,NA,PIK3CA
PIK3CB,265,249,KEA3,0.13428571428571429,1,NA,NA,NA,PIK3CB
PIK3CG,319,281,KEA3,0.04285714285714286,1,NA,NA,NA,PIK3CG
PIK3R4,190,188,KEA3,0.34,2,OTHER,VPS15,VPS15,PIK3R4
PIM1,88.66666666666667,77,KEA3,0.7514285714285714,4,CAMK,PIM,PIM,PIM1
PIM2,89,78,KEA3,0.74,3,CAMK,PIM,PIM,PIM2
PINK1,150,158,KEA3,0.44857142857142857,2,OTHER,NKF2,NKF2,PINK1
PKMYT1,219,213,KEA3,0.24857142857142858,1,OTHER,WEE,WEE,PKMYT1
PKN1,66.33333333333333,49,KEA3,0.8371428571428572,4,AGC,PKN,PKN,PKN1
PLK1,79.33333333333333,63,KEA3,0.7942857142857143,4,OTHER,PLK,PLK1,PLK1
PLK2,153.5,160,KEA3,0.44,2,OTHER,PLK,PLK2,PLK2
PLK3,105.33333333333333,104,KEA3,0.6514285714285715,3,OTHER,PLK,PLK2,PLK3
PLK4,128,135,KEA3,0.5342857142857143,3,OTHER,PLK,SAK,PLK4
PNCK,177,175,KEA3,0.38571428571428573,2,CAMK,CAMK1,CAMK1,PNCK
PRKAA1,79.66666666666667,64,KEA3,0.7914285714285715,4,CAMK,CAMKL,AMPK,PRKAA1
PRKAA2,128,135,KEA3,0.5342857142857143,3,CAMK,CAMKL,AMPK,PRKAA2
PRKACA,80.33333333333334,65,KEA3,0.7885714285714286,4,AGC,PKA,PKA,PRKACA
PRKACB,255.5,243,KEA3,0.15142857142857144,1,AGC,PKA,PKA,PRKACB
PRKCA,77.33333333333334,60,KEA3,0.8028571428571428,4,AGC,PKC,ALPHA,PRKCA
PRKCB,31,15,KEA3,0.96,4,AGC,PKC,ALPHA,PRKCB
PRKCD,69.33333333333333,50,KEA3,0.8342857142857143,4,AGC,PKC,DELTA,PRKCD
PRKCE,69.66666666666667,51,KEA3,0.8314285714285714,4,AGC,PKC,ETA,PRKCE
PRKCG,45.333333333333336,26,KEA3,0.9285714285714286,4,AGC,PKC,ALPHA,PRKCG
PRKCH,16,7,KEA3,0.9828571428571429,4,AGC,PKC,ETA,PRKCH
PRKCI,125,131,KEA3,0.5542857142857143,3,AGC,PKC,IOTA,PRKCI
PRKCQ,88.33333333333333,76,KEA3,0.7542857142857143,4,AGC,PKC,DELTA,PRKCQ
PRKCZ,91.66666666666667,82,KEA3,0.7228571428571429,3,AGC,PKC,IOTA,PRKCZ
PRKD1,58.333333333333336,39,KEA3,0.88,4,CAMK,PKD,PKD,PRKD1
PRKD2,188.33333333333334,185,KEA3,0.35714285714285715,2,CAMK,PKD,PKD,PRKD2
PRKD3,139,151,KEA3,0.4742857142857143,2,CAMK,PKD,PKD,PRKD3
PRKDC,83.33333333333333,69,KEA3,0.7771428571428571,4,ATYPICAL,PIKK,DNAPK,PRKDC
PRKG1,142,154,KEA3,0.4657142857142857,2,AGC,PKG,PKG,PRKG1
PRKG2,232.5,222,KEA3,0.21428571428571427,1,AGC,PKG,PKG,PRKG2
PRKX,175,172,KEA3,0.3942857142857143,2,AGC,PKA,PKA,PRKX
PRKY,150,158,KEA3,0.44857142857142857,2,AGC,PKA,PKA,PRKY
PRPF4B,189.5,187,KEA3,0.3457142857142857,2,CMGC,DYRK,PRP4,PRPF4B
PTK2,44.333333333333336,24,KEA3,0.9342857142857143,4,TK,FAK,FAK,PTK2
PTK2B,40,21,KEA3,0.9428571428571428,4,TK,FAK,FAK,PTK2B
PTK6,99.33333333333333,97,KEA3,0.6742857142857143,3,TK,SRC,SRM,PTK6
PXK,121.5,124,KEA3,0.5742857142857143,3,OTHER,SLOB,SLOB,PXK
RAF1,125.66666666666667,132,KEA3,0.5514285714285714,3,TKL,RAF,RAF,RAF1
RET,4,1,KEA3,1,4,TK,RET,RET,RET
RIOK1,304,269,KEA3,0.07714285714285714,1,ATYPICAL,RIO,RIO1,RIOK1
RIPK1,287,268,KEA3,0.08,1,TKL,RIPK,RIPK,RIPK1
RIPK2,133.5,142,KEA3,0.5142857142857142,3,TKL,RIPK,RIPK,RIPK2
RIPK3,105.5,105,KEA3,0.6485714285714286,3,TKL,RIPK,RIPK,RIPK3
ROCK1,51.666666666666664,34,KEA3,0.8942857142857142,4,AGC,DMPK,ROCK,ROCK1
ROCK2,178.33333333333334,177,KEA3,0.38,2,AGC,DMPK,ROCK,ROCK2
RPS6KA1,102.33333333333333,100,KEA3,0.6657142857142857,3,AGC,RSK,RSK,RPS6KA1
RPS6KA2,81,67,KEA3,0.7828571428571428,4,AGC,RSK,RSK,RPS6KA2
RPS6KA3,77.66666666666667,61,KEA3,0.8,4,AGC,RSK,RSK,RPS6KA3
RPS6KA4,97,89,KEA3,0.7,3,AGC,RSK,MSK,RPS6KA4
RPS6KA5,77,59,KEA3,0.8057142857142857,4,AGC,RSK,MSK,RPS6KA5
RPS6KB1,71,53,KEA3,0.8257142857142857,4,AGC,RSK,P70,RPS6KB1
RPS6KB2,157.33333333333334,164,KEA3,0.4228571428571429,2,AGC,RSK,P70,RPS6KB2
RPS6KL1,321,282,KEA3,0.04,1,AGC,RSKL,RSKL,RPS6KL1
SCYL1,330,289,KEA3,0.02,1,OTHER,SCY1,SCY1,SCYL1
SCYL2,64,48,KEA3,0.84,4,OTHER,SCY1,SCY1,SCYL2
SCYL3,209,206,KEA3,0.2742857142857143,2,OTHER,SCY1,SCY1,SCYL3
SGK1,135,144,KEA3,0.5028571428571429,3,AGC,SGK,SGK,SGK1
SGK2,144,156,KEA3,0.45714285714285713,2,AGC,SGK,SGK,SGK2
SGK3,255,242,KEA3,0.15714285714285714,1,AGC,SGK,SGK,SGK3
SIK1,217,211,KEA3,0.26,2,CAMK,CAMKL,QIK,SIK1
SIK2,316,279,KEA3,0.04857142857142857,1,CAMK,CAMKL,QIK,SIK2
SMG1,332,290,KEA3,0.017142857142857144,1,ATYPICAL,PIKK,SMG1,SMG1
SNRK,235,225,KEA3,0.2057142857142857,1,CAMK,CAMKL,SNRK,SNRK
SRC,62,47,KEA3,0.8485714285714285,4,TK,SRC,SRCA,SRC
SRMS,270,254,KEA3,0.12,1,TK,SRC,SRM,SRMS
SRPK1,97.5,91,KEA3,0.6942857142857143,3,CMGC,SRPK,SRPK,SRPK1
SRPK2,131,141,KEA3,0.5171428571428571,3,CMGC,SRPK,SRPK,SRPK2
STK10,254,240,KEA3,0.16285714285714287,1,STE,STE20,SLK,STK10
STK11,120.33333333333333,122,KEA3,0.5885714285714285,3,CAMK,CAMKL,LKB,STK11
STK16,61.5,45,KEA3,0.8571428571428571,4,OTHER,NAK,MPSK,STK16
STK17A,121.5,124,KEA3,0.5742857142857143,3,CAMK,DAPK,DRAK,STK17A
STK24,56.5,37,KEA3,0.8857142857142857,4,STE,STE20,YSK,STK24
STK25,159.5,166,KEA3,0.41714285714285715,2,STE,STE20,YSK,STK25
STK26,209,206,KEA3,0.2742857142857143,2,STE,STE20,YSK,STK26
STK3,90,79,KEA3,0.7314285714285714,3,STE,STE20,MST,STK3
STK33,259,246,KEA3,0.14285714285714285,1,CAMK,CAMK-UNIQUE,CAMK-UNIQUE,STK33
STK36,225,215,KEA3,0.24,1,OTHER,ULK,FUSED,STK36
STK38,153,159,KEA3,0.44285714285714284,2,AGC,NDR,NDR,STK38
STK38L,157.5,165,KEA3,0.42,2,AGC,NDR,NDR,STK38L
STK39,122,125,KEA3,0.5714285714285714,3,STE,STE20,FRAY,STK39
STK4,197.5,195,KEA3,0.32,2,STE,STE20,MST,STK4
STK40,234.5,224,KEA3,0.20857142857142857,1,CAMK,SGK495,SGK495,STK40
STYK1,190,188,KEA3,0.34,2,TK,TK-UNIQUE,TK-UNIQUE,STYK1
SYK,16.666666666666668,8,KEA3,0.98,4,TK,SYK,SYK,SYK
TAOK1,317,280,KEA3,0.045714285714285714,1,STE,STE20,TAO,TAOK1
TBK1,85,71,KEA3,0.7714285714285715,4,OTHER,IKK,IKK,TBK1
TEC,143,155,KEA3,0.46,2,TK,TEC,TEC,TEC
TEK,274,257,KEA3,0.11142857142857143,1,TK,TIE,TIE,TEK
TESK1,245,234,KEA3,0.18,1,TKL,LISK,TESK,TESK1
TESK2,181.5,178,KEA3,0.37714285714285717,2,TKL,LISK,TESK,TESK2
TGFBR1,219,213,KEA3,0.24857142857142858,1,TKL,STKR,TYPE1,TGFBR1
TGFBR2,88,75,KEA3,0.7571428571428571,4,TKL,STKR,TYPE2,TGFBR2
TLK1,339,296,KEA3,0,1,OTHER,TLK,TLK,TLK1
TNIK,326,286,KEA3,0.02857142857142857,1,STE,STE20,MSN,TNIK
TNK2,121,123,KEA3,0.58,3,TK,ACK,ACK,TNK2
TNNI3K,139,151,KEA3,0.4742857142857143,2,TKL,MLK,HH498,TNNI3K
TP53RK,338,295,KEA3,0.002857142857142857,1,OTHER,BUD32,BUD32,TP53RK
TRIB3,137.5,150,KEA3,0.48,2,CAMK,TRBL,TRBL,TRIB3
TRPM7,204,201,KEA3,0.29428571428571426,2,ATYPICAL,ALPHA,CHAK,TRPM7
TTK,118.66666666666667,120,KEA3,0.5942857142857143,3,OTHER,TTK,TTK,TTK
TXK,230,220,KEA3,0.22285714285714286,1,TK,TEC,TEC,TXK
TYK2,96.66666666666667,88,KEA3,0.7028571428571428,3,TK,JAKA,JAKA,TYK2
TYRO3,24.5,12,KEA3,0.9685714285714285,4,TK,AXL,AXL,TYRO3
UHMK1,95.5,87,KEA3,0.7057142857142857,3,OTHER,KIS,KIS,UHMK1
ULK1,202.5,200,KEA3,0.29714285714285715,2,OTHER,ULK,ULK,ULK1
VRK1,103.66666666666667,102,KEA3,0.6571428571428571,3,CK1,VRK,VRK,VRK1
VRK3,251,238,KEA3,0.16857142857142857,1,CK1,VRK,VRK,VRK3
WEE1,58.5,40,KEA3,0.8742857142857143,4,OTHER,WEE,WEE,WEE1
WNK1,135.33333333333334,145,KEA3,0.5,3,OTHER,WNK,WNK,WNK1
YES1,47,29,KEA3,0.9171428571428571,4,TK,SRC,SRCA,YES1
ZAP70,27.333333333333332,13,KEA3,0.9657142857142857,4,TK,SYK,SYK,ZAP70
FGR,2.9665762445130506,1,UKA,1,4,TK,SRC,SRCA,FGR
BLK,2.464845978458297,4,UKA,0.9516129032258065,4,TK,SRC,SRCB,BLK
SYK,2.174184555014796,6,UKA,0.9032258064516129,4,TK,SYK,SYK,SYK
ZAP70,2.174184555014796,6,UKA,0.9032258064516129,4,TK,SYK,SYK,ZAP70
TXK,2.063486257521107,7,UKA,0.8870967741935484,4,TK,TEC,TEC,TXK
HCK,1.8985331958210017,9,UKA,0.8548387096774194,4,TK,SRC,SRCB,HCK
EPHA10,1.883805706151864,10,UKA,0.8387096774193549,4,TK,EPH,EPH,EPHA10
EPHA4,1.8802164138383024,11,UKA,0.8225806451612904,4,TK,EPH,EPH,EPHA4
FER,1.7464681564729951,13,UKA,0.7741935483870968,4,TK,FER,FER,FER
SRC,1.7464681564729951,13,UKA,0.7741935483870968,4,TK,SRC,SRCA,SRC
LYN,1.6485129095502888,14,UKA,0.7580645161290323,4,TK,SRC,SRCB,LYN
TEC,1.5973603871029076,16,UKA,0.7096774193548387,3,TK,TEC,TEC,TEC
RET,1.5721894273240098,17,UKA,0.6935483870967742,3,TK,RET,RET,RET
MET,1.5651757037315064,18,UKA,0.6774193548387096,3,TK,MET,MET,MET
ALK,1.5449723176432193,19,UKA,0.6612903225806451,3,TK,ALK,ALK,ALK
LTK,1.5071837567538195,20,UKA,0.6451612903225806,3,TK,ALK,ALK,LTK
FES,1.4573924553191278,21,UKA,0.6290322580645161,3,TK,FER,FER,FES
MAP2K7,1.376502612204948,24,UKA,0.5645161290322581,3,STE,STE7,MEK7,MAP2K7
ITK,1.3495759033921515,27,UKA,0.5161290322580645,3,TK,TEC,TEC,ITK
CSK,1.3433269541151498,29,UKA,0.4838709677419355,2,TK,CSK,CSK,CSK
FRK,1.2119165155545917,31,UKA,0.45161290322580644,2,TK,SRC,FRK,FRK
FYN,1.0755606217064062,33,UKA,0.41935483870967744,2,TK,SRC,SRCA,FYN
JAK2,1.0649564978558117,34,UKA,0.4032258064516129,2,TK,JAKA,JAKA,JAK2
EPHA2,1.048643050118336,35,UKA,0.3870967741935484,2,TK,EPH,EPH,EPHA2
IGF1R,0.9994965103685532,37,UKA,0.3548387096774194,2,TK,INSR,INSR,IGF1R
FLT1,0.921209794980958,40,UKA,0.3064516129032258,2,TK,VEGFR,VEGFR,FLT1
FGFR3,0.7070271469446054,46,UKA,0.20967741935483872,1,TK,FGFR,FGFR,FGFR3
BTK,0.6989005227772908,47,UKA,0.1935483870967742,1,TK,TEC,TEC,BTK
FGFR2,0.6949583370232287,48,UKA,0.1774193548387097,1,TK,FGFR,FGFR,FGFR2
FGFR1,0.643874668239393,49,UKA,0.16129032258064516,1,TK,FGFR,FGFR,FGFR1
FGFR4,0.6323236021788194,50,UKA,0.14516129032258066,1,TK,FGFR,FGFR,FGFR4
AXL,0.5990960796063661,51,UKA,0.12903225806451613,1,TK,AXL,AXL,AXL
INSR,0.5866868216245461,52,UKA,0.11290322580645161,1,TK,INSR,INSR,INSR
KIT,0.5818048088412667,53,UKA,0.0967741935483871,1,TK,PDGFR,PDGFR,KIT
KDR,0.5505154297093119,54,UKA,0.08064516129032258,1,TK,VEGFR,VEGFR,KDR
EGFR,0.532149289975753,55,UKA,0.06451612903225806,1,TK,EGFR,EGFR,EGFR
FLT3,0.49119468170849334,57,UKA,0.03225806451612903,1,TK,PDGFR,PDGFR,FLT3
SRC,-1.9908333333333337,3,KRSA,0.8780487804878049,4,TK,SRC,SRCB,BLK
SRC,-1.9908333333333337,3,KRSA,0.8780487804878049,4,TK,SRC,SRCA,FGR
SRC,-1.9908333333333337,3,KRSA,0.8780487804878049,4,TK,SRC,SRCA,FYN
SRC,-1.9908333333333337,3,KRSA,0.8780487804878049,4,TK,SRC,SRCB,HCK
SRC,-1.9908333333333337,3,KRSA,0.8780487804878049,4,TK,SRC,SRCB,LCK
SRC,-1.9908333333333337,3,KRSA,0.8780487804878049,4,TK,SRC,SRCB,LYN
SRC,-1.9908333333333337,3,KRSA,0.8780487804878049,4,TK,SRC,SRM,PTK6
SRC,-1.9908333333333337,3,KRSA,0.8780487804878049,4,TK,SRC,SRCA,SRC
SRC,-1.9908333333333337,3,KRSA,0.8780487804878049,4,TK,SRC,SRM,SRMS
SRC,-1.9908333333333337,3,KRSA,0.8780487804878049,4,TK,SRC,SRCA,YES1
INSR,-2.0516666666666667,2,KRSA,0.9198606271777003,4,TK,INSR,INSR,IGF1R
INSR,-2.0516666666666667,2,KRSA,0.9198606271777003,4,TK,INSR,INSR,INSR
INSR,-2.0516666666666667,2,KRSA,0.9198606271777003,4,TK,INSR,INSR,INSRR
FAK,-2.1,1,KRSA,0.9616724738675958,4,TK,FAK,FAK,PTK2
FAK,-2.1,1,KRSA,0.9616724738675958,4,TK,FAK,FAK,PTK2B
VEGFR,1.1783333333333332,8,KRSA,0.6689895470383276,3,TK,VEGFR,VEGFR,FLT1
VEGFR,1.1783333333333332,8,KRSA,0.6689895470383276,3,TK,VEGFR,VEGFR,FLT4
VEGFR,1.1783333333333332,8,KRSA,0.6689895470383276,3,TK,VEGFR,VEGFR,KDR
ALK,0.8225,10,KRSA,0.5853658536585366,3,TK,ALK,ALK,ALK
ALK,0.8225,10,KRSA,0.5853658536585366,3,TK,ALK,ALK,LTK
JAK,-1.3108333333333333,6,KRSA,0.7526132404181185,4,TK,JAKA,JAKA,JAK1
JAK,-1.3108333333333333,6,KRSA,0.7526132404181185,4,TK,JAKA,JAKA,JAK2
JAK,-1.3108333333333333,6,KRSA,0.7526132404181185,4,TK,JAKA,JAKA,JAK3
JAK,-1.3108333333333333,6,KRSA,0.7526132404181185,4,TK,JAKA,JAKA,TYK2
AXL,-1.9266666666666667,4,KRSA,0.8362369337979094,4,TK,AXL,AXL,AXL
AXL,-1.9266666666666667,4,KRSA,0.8362369337979094,4,TK,AXL,AXL,MERTK
AXL,-1.9266666666666667,4,KRSA,0.8362369337979094,4,TK,AXL,AXL,TYRO3
MET,-1.4691666666666667,5,KRSA,0.794425087108014,4,TK,MET,MET,MET
MET,-1.4691666666666667,5,KRSA,0.794425087108014,4,TK,MET,MET,MST1R
FRK,-1.1383333333333334,9,KRSA,0.627177700348432,3,TK,SRC,FRK,FRK
TRK,0.4241666666666667,18,KRSA,0.20905923344947736,1,TK,TRK,TRK,NTRK1
TRK,0.4241666666666667,18,KRSA,0.20905923344947736,1,TK,TRK,TRK,NTRK2
TRK,0.4241666666666667,18,KRSA,0.20905923344947736,1,TK,TRK,TRK,NTRK3
PDGFR,-0.7366666666666667,12,KRSA,0.5017421602787456,3,TK,PDGFR,PDGFR,CSF1R
PDGFR,-0.7366666666666667,12,KRSA,0.5017421602787456,3,TK,PDGFR,PDGFR,FLT3
PDGFR,-0.7366666666666667,12,KRSA,0.5017421602787456,3,TK,PDGFR,PDGFR,KIT
PDGFR,-0.7366666666666667,12,KRSA,0.5017421602787456,3,TK,PDGFR,PDGFR,PDGFRA
PDGFR,-0.7366666666666667,12,KRSA,0.5017421602787456,3,TK,PDGFR,PDGFR,PDGFRB
ABL,-1.2433333333333334,7,KRSA,0.710801393728223,3,TK,ABL,ABL,ABL1
ABL,-1.2433333333333334,7,KRSA,0.710801393728223,3,TK,ABL,ABL,ABL2
DDR,-0.7558333333333334,11,KRSA,0.5435540069686411,3,TK,DDR,DDR,DDR1
DDR,-0.7558333333333334,11,KRSA,0.5435540069686411,3,TK,DDR,DDR,DDR2
TEC,-0.24833333333333335,20,KRSA,0.1254355400696864,1,TK,TEC,TEC,BMX
TEC,-0.24833333333333335,20,KRSA,0.1254355400696864,1,TK,TEC,TEC,BTK
TEC,-0.24833333333333335,20,KRSA,0.1254355400696864,1,TK,TEC,TEC,ITK
TEC,-0.24833333333333335,20,KRSA,0.1254355400696864,1,TK,TEC,TEC,TEC
TEC,-0.24833333333333335,20,KRSA,0.1254355400696864,1,TK,TEC,TEC,TXK
RYK,-0.6241666666666666,15,KRSA,0.3344947735191638,2,TK,RYK,RYK,RYK
FER,0.2466666666666667,21,KRSA,0.08362369337979095,1,TK,FER,FER,FER
FER,0.2466666666666667,21,KRSA,0.08362369337979095,1,TK,FER,FER,FES
EPH,0.3591666666666667,19,KRSA,0.1672473867595819,1,TK,EPH,EPH,EPHA1
EPH,0.3591666666666667,19,KRSA,0.1672473867595819,1,TK,EPH,EPH,EPHA2
EPH,0.3591666666666667,19,KRSA,0.1672473867595819,1,TK,EPH,EPH,EPHA3
EPH,0.3591666666666667,19,KRSA,0.1672473867595819,1,TK,EPH,EPH,EPHA4
EPH,0.3591666666666667,19,KRSA,0.1672473867595819,1,TK,EPH,EPH,EPHA5
EPH,0.3591666666666667,19,KRSA,0.1672473867595819,1,TK,EPH,EPH,EPHA6
EPH,0.3591666666666667,19,KRSA,0.1672473867595819,1,TK,EPH,EPH,EPHA7
EPH,0.3591666666666667,19,KRSA,0.1672473867595819,1,TK,EPH,EPH,EPHA8
EPH,0.3591666666666667,19,KRSA,0.1672473867595819,1,TK,EPH,EPH,EPHB1
EPH,0.3591666666666667,19,KRSA,0.1672473867595819,1,TK,EPH,EPH,EPHB2
EPH,0.3591666666666667,19,KRSA,0.1672473867595819,1,TK,EPH,EPH,EPHB3
EPH,0.3591666666666667,19,KRSA,0.1672473867595819,1,TK,EPH,EPH,EPHB4
SEV,-0.44583333333333336,17,KRSA,0.2508710801393728,2,TK,SEV,SEV,ROS1
ACK,-0.4508333333333333,16,KRSA,0.2926829268292683,2,TK,ACK,ACK,TNK1
ACK,-0.4508333333333333,16,KRSA,0.2926829268292683,2,TK,ACK,ACK,TNK2
CSK,0.6241666666666666,15,KRSA,0.3344947735191638,2,TK,CSK,CSK,CSK
CSK,0.6241666666666666,15,KRSA,0.3344947735191638,2,TK,CSK,CSK,MATK
EGFR,-0.6249999999999999,14,KRSA,0.4181184668989547,2,TK,EGFR,EGFR,EGFR
EGFR,-0.6249999999999999,14,KRSA,0.4181184668989547,2,TK,EGFR,EGFR,ERBB2
EGFR,-0.6249999999999999,14,KRSA,0.4181184668989547,2,TK,EGFR,EGFR,ERBB3
EGFR,-0.6249999999999999,14,KRSA,0.4181184668989547,2,TK,EGFR,EGFR,ERBB4
RET,-0.6525,13,KRSA,0.45993031358885017,2,TK,RET,RET,RET
FGFR,0.04583333333333332,22,KRSA,0.041811846689895474,1,TK,FGFR,FGFR,FGFR1
FGFR,0.04583333333333332,22,KRSA,0.041811846689895474,1,TK,FGFR,FGFR,FGFR2
FGFR,0.04583333333333332,22,KRSA,0.041811846689895474,1,TK,FGFR,FGFR,FGFR3
FGFR,0.04583333333333332,22,KRSA,0.041811846689895474,1,TK,FGFR,FGFR,FGFR4
SYK,0.02749999999999996,23,KRSA,0,1,TK,SYK,SYK,SYK
SYK,0.02749999999999996,23,KRSA,0,1,TK,SYK,SYK,ZAP70
FAK,-2.1,1,KRSA,0.9616724738675958,4,TK,FAK,FAK,PTK2
FAK,-2.1,1,KRSA,0.9616724738675958,4,TK,FAK,FAK,PTK2B
SRC,-1.9908333333333337,3,KRSA,0.8780487804878049,4,TK,SRC,SRCB,BLK
SRC,-1.9908333333333337,3,KRSA,0.8780487804878049,4,TK,SRC,SRCA,FGR
SRC,-1.9908333333333337,3,KRSA,0.8780487804878049,4,TK,SRC,SRCA,FYN
SRC,-1.9908333333333337,3,KRSA,0.8780487804878049,4,TK,SRC,SRCB,HCK
SRC,-1.9908333333333337,3,KRSA,0.8780487804878049,4,TK,SRC,SRCB,LCK
SRC,-1.9908333333333337,3,KRSA,0.8780487804878049,4,TK,SRC,SRCB,LYN
SRC,-1.9908333333333337,3,KRSA,0.8780487804878049,4,TK,SRC,SRM,PTK6
SRC,-1.9908333333333337,3,KRSA,0.8780487804878049,4,TK,SRC,SRCA,SRC
SRC,-1.9908333333333337,3,KRSA,0.8780487804878049,4,TK,SRC,SRM,SRMS
SRC,-1.9908333333333337,3,KRSA,0.8780487804878049,4,TK,SRC,SRCA,YES1
INSR,-2.0516666666666667,2,KRSA,0.9198606271777003,4,TK,INSR,INSR,IGF1R
INSR,-2.0516666666666667,2,KRSA,0.9198606271777003,4,TK,INSR,INSR,INSR
INSR,-2.0516666666666667,2,KRSA,0.9198606271777003,4,TK,INSR,INSR,INSRR
JAK,-1.3108333333333333,6,KRSA,0.7526132404181185,4,TK,JAKA,JAKA,JAK1
JAK,-1.3108333333333333,6,KRSA,0.7526132404181185,4,TK,JAKA,JAKA,JAK2
JAK,-1.3108333333333333,6,KRSA,0.7526132404181185,4,TK,JAKA,JAKA,JAK3
JAK,-1.3108333333333333,6,KRSA,0.7526132404181185,4,TK,JAKA,JAKA,TYK2
ALK,0.8225,10,KRSA,0.5853658536585366,3,TK,ALK,ALK,ALK
ALK,0.8225,10,KRSA,0.5853658536585366,3,TK,ALK,ALK,LTK
MET,-1.4691666666666667,5,KRSA,0.794425087108014,4,TK,MET,MET,MET
MET,-1.4691666666666667,5,KRSA,0.794425087108014,4,TK,MET,MET,MST1R
TEC,-0.24833333333333335,20,KRSA,0.1254355400696864,1,TK,TEC,TEC,BMX
TEC,-0.24833333333333335,20,KRSA,0.1254355400696864,1,TK,TEC,TEC,BTK
TEC,-0.24833333333333335,20,KRSA,0.1254355400696864,1,TK,TEC,TEC,ITK
TEC,-0.24833333333333335,20,KRSA,0.1254355400696864,1,TK,TEC,TEC,TEC
TEC,-0.24833333333333335,20,KRSA,0.1254355400696864,1,TK,TEC,TEC,TXK
AXL,-1.9266666666666667,4,KRSA,0.8362369337979094,4,TK,AXL,AXL,AXL
AXL,-1.9266666666666667,4,KRSA,0.8362369337979094,4,TK,AXL,AXL,MERTK
AXL,-1.9266666666666667,4,KRSA,0.8362369337979094,4,TK,AXL,AXL,TYRO3
EPH,0.3591666666666667,19,KRSA,0.1672473867595819,1,TK,EPH,EPH,EPHA1
EPH,0.3591666666666667,19,KRSA,0.1672473867595819,1,TK,EPH,EPH,EPHA2
EPH,0.3591666666666667,19,KRSA,0.1672473867595819,1,TK,EPH,EPH,EPHA3
EPH,0.3591666666666667,19,KRSA,0.1672473867595819,1,TK,EPH,EPH,EPHA4
EPH,0.3591666666666667,19,KRSA,0.1672473867595819,1,TK,EPH,EPH,EPHA5
EPH,0.3591666666666667,19,KRSA,0.1672473867595819,1,TK,EPH,EPH,EPHA6
EPH,0.3591666666666667,19,KRSA,0.1672473867595819,1,TK,EPH,EPH,EPHA7
EPH,0.3591666666666667,19,KRSA,0.1672473867595819,1,TK,EPH,EPH,EPHA8
EPH,0.3591666666666667,19,KRSA,0.1672473867595819,1,TK,EPH,EPH,EPHB1
EPH,0.3591666666666667,19,KRSA,0.1672473867595819,1,TK,EPH,EPH,EPHB2
EPH,0.3591666666666667,19,KRSA,0.1672473867595819,1,TK,EPH,EPH,EPHB3
EPH,0.3591666666666667,19,KRSA,0.1672473867595819,1,TK,EPH,EPH,EPHB4
TRK,0.4241666666666667,18,KRSA,0.20905923344947736,1,TK,TRK,TRK,NTRK1
TRK,0.4241666666666667,18,KRSA,0.20905923344947736,1,TK,TRK,TRK,NTRK2
TRK,0.4241666666666667,18,KRSA,0.20905923344947736,1,TK,TRK,TRK,NTRK3
DDR,-0.7558333333333334,11,KRSA,0.5435540069686411,3,TK,DDR,DDR,DDR1
DDR,-0.7558333333333334,11,KRSA,0.5435540069686411,3,TK,DDR,DDR,DDR2
FRK,-1.1383333333333334,9,KRSA,0.627177700348432,3,TK,SRC,FRK,FRK
VEGFR,1.1783333333333332,8,KRSA,0.6689895470383276,3,TK,VEGFR,VEGFR,FLT1
VEGFR,1.1783333333333332,8,KRSA,0.6689895470383276,3,TK,VEGFR,VEGFR,FLT4
VEGFR,1.1783333333333332,8,KRSA,0.6689895470383276,3,TK,VEGFR,VEGFR,KDR
PDGFR,-0.7366666666666667,12,KRSA,0.5017421602787456,3,TK,PDGFR,PDGFR,CSF1R
PDGFR,-0.7366666666666667,12,KRSA,0.5017421602787456,3,TK,PDGFR,PDGFR,FLT3
PDGFR,-0.7366666666666667,12,KRSA,0.5017421602787456,3,TK,PDGFR,PDGFR,KIT
PDGFR,-0.7366666666666667,12,KRSA,0.5017421602787456,3,TK,PDGFR,PDGFR,PDGFRA
PDGFR,-0.7366666666666667,12,KRSA,0.5017421602787456,3,TK,PDGFR,PDGFR,PDGFRB
ABL,-1.2433333333333334,7,KRSA,0.710801393728223,3,TK,ABL,ABL,ABL1
ABL,-1.2433333333333334,7,KRSA,0.710801393728223,3,TK,ABL,ABL,ABL2
RYK,-0.6241666666666666,15,KRSA,0.3344947735191638,2,TK,RYK,RYK,RYK
FER,0.2466666666666667,21,KRSA,0.08362369337979095,1,TK,FER,FER,FER
FER,0.2466666666666667,21,KRSA,0.08362369337979095,1,TK,FER,FER,FES
CSK,0.6241666666666666,15,KRSA,0.3344947735191638,2,TK,CSK,CSK,CSK
CSK,0.6241666666666666,15,KRSA,0.3344947735191638,2,TK,CSK,CSK,MATK
ACK,-0.4508333333333333,16,KRSA,0.2926829268292683,2,TK,ACK,ACK,TNK1
ACK,-0.4508333333333333,16,KRSA,0.2926829268292683,2,TK,ACK,ACK,TNK2
SEV,-0.44583333333333336,17,KRSA,0.2508710801393728,2,TK,SEV,SEV,ROS1
SYK,0.02749999999999996,23,KRSA,0,1,TK,SYK,SYK,SYK
SYK,0.02749999999999996,23,KRSA,0,1,TK,SYK,SYK,ZAP70
FGFR,0.04583333333333332,22,KRSA,0.041811846689895474,1,TK,FGFR,FGFR,FGFR1
FGFR,0.04583333333333332,22,KRSA,0.041811846689895474,1,TK,FGFR,FGFR,FGFR2
FGFR,0.04583333333333332,22,KRSA,0.041811846689895474,1,TK,FGFR,FGFR,FGFR3
FGFR,0.04583333333333332,22,KRSA,0.041811846689895474,1,TK,FGFR,FGFR,FGFR4
RET,-0.6525,13,KRSA,0.45993031358885017,2,TK,RET,RET,RET
EGFR,-0.6249999999999999,14,KRSA,0.4181184668989547,2,TK,EGFR,EGFR,EGFR
EGFR,-0.6249999999999999,14,KRSA,0.4181184668989547,2,TK,EGFR,EGFR,ERBB2
EGFR,-0.6249999999999999,14,KRSA,0.4181184668989547,2,TK,EGFR,EGFR,ERBB3
EGFR,-0.6249999999999999,14,KRSA,0.4181184668989547,2,TK,EGFR,EGFR,ERBB4
AXL,-1.9266666666666667,4,KRSA,0.8362369337979094,4,TK,AXL,AXL,AXL
AXL,-1.9266666666666667,4,KRSA,0.8362369337979094,4,TK,AXL,AXL,MERTK
AXL,-1.9266666666666667,4,KRSA,0.8362369337979094,4,TK,AXL,AXL,TYRO3
FAK,-2.1,1,KRSA,0.9616724738675958,4,TK,FAK,FAK,PTK2
FAK,-2.1,1,KRSA,0.9616724738675958,4,TK,FAK,FAK,PTK2B
INSR,-2.0516666666666667,2,KRSA,0.9198606271777003,4,TK,INSR,INSR,IGF1R
INSR,-2.0516666666666667,2,KRSA,0.9198606271777003,4,TK,INSR,INSR,INSR
INSR,-2.0516666666666667,2,KRSA,0.9198606271777003,4,TK,INSR,INSR,INSRR
EPH,0.3591666666666667,19,KRSA,0.1672473867595819,1,TK,EPH,EPH,EPHA1
EPH,0.3591666666666667,19,KRSA,0.1672473867595819,1,TK,EPH,EPH,EPHA2
EPH,0.3591666666666667,19,KRSA,0.1672473867595819,1,TK,EPH,EPH,EPHA3
EPH,0.3591666666666667,19,KRSA,0.1672473867595819,1,TK,EPH,EPH,EPHA4
EPH,0.3591666666666667,19,KRSA,0.1672473867595819,1,TK,EPH,EPH,EPHA5
EPH,0.3591666666666667,19,KRSA,0.1672473867595819,1,TK,EPH,EPH,EPHA6
EPH,0.3591666666666667,19,KRSA,0.1672473867595819,1,TK,EPH,EPH,EPHA7
EPH,0.3591666666666667,19,KRSA,0.1672473867595819,1,TK,EPH,EPH,EPHA8
EPH,0.3591666666666667,19,KRSA,0.1672473867595819,1,TK,EPH,EPH,EPHB1
EPH,0.3591666666666667,19,KRSA,0.1672473867595819,1,TK,EPH,EPH,EPHB2
EPH,0.3591666666666667,19,KRSA,0.1672473867595819,1,TK,EPH,EPH,EPHB3
EPH,0.3591666666666667,19,KRSA,0.1672473867595819,1,TK,EPH,EPH,EPHB4
JAK,-1.3108333333333333,6,KRSA,0.7526132404181185,4,TK,JAKA,JAKA,JAK1
JAK,-1.3108333333333333,6,KRSA,0.7526132404181185,4,TK,JAKA,JAKA,JAK2
JAK,-1.3108333333333333,6,KRSA,0.7526132404181185,4,TK,JAKA,JAKA,JAK3
JAK,-1.3108333333333333,6,KRSA,0.7526132404181185,4,TK,JAKA,JAKA,TYK2
FGFR,0.04583333333333332,22,KRSA,0.041811846689895474,1,TK,FGFR,FGFR,FGFR1
FGFR,0.04583333333333332,22,KRSA,0.041811846689895474,1,TK,FGFR,FGFR,FGFR2
FGFR,0.04583333333333332,22,KRSA,0.041811846689895474,1,TK,FGFR,FGFR,FGFR3
FGFR,0.04583333333333332,22,KRSA,0.041811846689895474,1,TK,FGFR,FGFR,FGFR4
FRK,-1.1383333333333334,9,KRSA,0.627177700348432,3,TK,SRC,FRK,FRK
RET,-0.6525,13,KRSA,0.45993031358885017,2,TK,RET,RET,RET
SRC,-1.9908333333333337,3,KRSA,0.8780487804878049,4,TK,SRC,SRCB,BLK
SRC,-1.9908333333333337,3,KRSA,0.8780487804878049,4,TK,SRC,SRCA,FGR
SRC,-1.9908333333333337,3,KRSA,0.8780487804878049,4,TK,SRC,SRCA,FYN
SRC,-1.9908333333333337,3,KRSA,0.8780487804878049,4,TK,SRC,SRCB,HCK
SRC,-1.9908333333333337,3,KRSA,0.8780487804878049,4,TK,SRC,SRCB,LCK
SRC,-1.9908333333333337,3,KRSA,0.8780487804878049,4,TK,SRC,SRCB,LYN
SRC,-1.9908333333333337,3,KRSA,0.8780487804878049,4,TK,SRC,SRM,PTK6
SRC,-1.9908333333333337,3,KRSA,0.8780487804878049,4,TK,SRC,SRCA,SRC
SRC,-1.9908333333333337,3,KRSA,0.8780487804878049,4,TK,SRC,SRM,SRMS
SRC,-1.9908333333333337,3,KRSA,0.8780487804878049,4,TK,SRC,SRCA,YES1
DDR,-0.7558333333333334,11,KRSA,0.5435540069686411,3,TK,DDR,DDR,DDR1
DDR,-0.7558333333333334,11,KRSA,0.5435540069686411,3,TK,DDR,DDR,DDR2
VEGFR,1.1783333333333332,8,KRSA,0.6689895470383276,3,TK,VEGFR,VEGFR,FLT1
VEGFR,1.1783333333333332,8,KRSA,0.6689895470383276,3,TK,VEGFR,VEGFR,FLT4
VEGFR,1.1783333333333332,8,KRSA,0.6689895470383276,3,TK,VEGFR,VEGFR,KDR
MET,-1.4691666666666667,5,KRSA,0.794425087108014,4,TK,MET,MET,MET
MET,-1.4691666666666667,5,KRSA,0.794425087108014,4,TK,MET,MET,MST1R
ABL,-1.2433333333333334,7,KRSA,0.710801393728223,3,TK,ABL,ABL,ABL1
ABL,-1.2433333333333334,7,KRSA,0.710801393728223,3,TK,ABL,ABL,ABL2
TEC,-0.24833333333333335,20,KRSA,0.1254355400696864,1,TK,TEC,TEC,BMX
TEC,-0.24833333333333335,20,KRSA,0.1254355400696864,1,TK,TEC,TEC,BTK
TEC,-0.24833333333333335,20,KRSA,0.1254355400696864,1,TK,TEC,TEC,ITK
TEC,-0.24833333333333335,20,KRSA,0.1254355400696864,1,TK,TEC,TEC,TEC
TEC,-0.24833333333333335,20,KRSA,0.1254355400696864,1,TK,TEC,TEC,TXK
ALK,0.8225,10,KRSA,0.5853658536585366,3,TK,ALK,ALK,ALK
ALK,0.8225,10,KRSA,0.5853658536585366,3,TK,ALK,ALK,LTK
RYK,-0.6241666666666666,15,KRSA,0.3344947735191638,2,TK,RYK,RYK,RYK
SEV,-0.44583333333333336,17,KRSA,0.2508710801393728,2,TK,SEV,SEV,ROS1
ACK,-0.4508333333333333,16,KRSA,0.2926829268292683,2,TK,ACK,ACK,TNK1
ACK,-0.4508333333333333,16,KRSA,0.2926829268292683,2,TK,ACK,ACK,TNK2
CSK,0.6241666666666666,15,KRSA,0.3344947735191638,2,TK,CSK,CSK,CSK
CSK,0.6241666666666666,15,KRSA,0.3344947735191638,2,TK,CSK,CSK,MATK
SYK,0.02749999999999996,23,KRSA,0,1,TK,SYK,SYK,SYK
SYK,0.02749999999999996,23,KRSA,0,1,TK,SYK,SYK,ZAP70
PDGFR,-0.7366666666666667,12,KRSA,0.5017421602787456,3,TK,PDGFR,PDGFR,CSF1R
PDGFR,-0.7366666666666667,12,KRSA,0.5017421602787456,3,TK,PDGFR,PDGFR,FLT3
PDGFR,-0.7366666666666667,12,KRSA,0.5017421602787456,3,TK,PDGFR,PDGFR,KIT
PDGFR,-0.7366666666666667,12,KRSA,0.5017421602787456,3,TK,PDGFR,PDGFR,PDGFRA
PDGFR,-0.7366666666666667,12,KRSA,0.5017421602787456,3,TK,PDGFR,PDGFR,PDGFRB
TRK,0.4241666666666667,18,KRSA,0.20905923344947736,1,TK,TRK,TRK,NTRK1
TRK,0.4241666666666667,18,KRSA,0.20905923344947736,1,TK,TRK,TRK,NTRK2
TRK,0.4241666666666667,18,KRSA,0.20905923344947736,1,TK,TRK,TRK,NTRK3
FER,0.2466666666666667,21,KRSA,0.08362369337979095,1,TK,FER,FER,FER
FER,0.2466666666666667,21,KRSA,0.08362369337979095,1,TK,FER,FER,FES
EGFR,-0.6249999999999999,14,KRSA,0.4181184668989547,2,TK,EGFR,EGFR,EGFR
EGFR,-0.6249999999999999,14,KRSA,0.4181184668989547,2,TK,EGFR,EGFR,ERBB2
EGFR,-0.6249999999999999,14,KRSA,0.4181184668989547,2,TK,EGFR,EGFR,ERBB3
EGFR,-0.6249999999999999,14,KRSA,0.4181184668989547,2,TK,EGFR,EGFR,ERBB4
AXL,-1.9266666666666667,4,KRSA,0.8362369337979094,4,TK,AXL,AXL,AXL
AXL,-1.9266666666666667,4,KRSA,0.8362369337979094,4,TK,AXL,AXL,MERTK
AXL,-1.9266666666666667,4,KRSA,0.8362369337979094,4,TK,AXL,AXL,TYRO3
VEGFR,1.1783333333333332,8,KRSA,0.6689895470383276,3,TK,VEGFR,VEGFR,FLT1
VEGFR,1.1783333333333332,8,KRSA,0.6689895470383276,3,TK,VEGFR,VEGFR,FLT4
VEGFR,1.1783333333333332,8,KRSA,0.6689895470383276,3,TK,VEGFR,VEGFR,KDR
FAK,-2.1,1,KRSA,0.9616724738675958,4,TK,FAK,FAK,PTK2
FAK,-2.1,1,KRSA,0.9616724738675958,4,TK,FAK,FAK,PTK2B
INSR,-2.0516666666666667,2,KRSA,0.9198606271777003,4,TK,INSR,INSR,IGF1R
INSR,-2.0516666666666667,2,KRSA,0.9198606271777003,4,TK,INSR,INSR,INSR
INSR,-2.0516666666666667,2,KRSA,0.9198606271777003,4,TK,INSR,INSR,INSRR
ABL,-1.2433333333333334,7,KRSA,0.710801393728223,3,TK,ABL,ABL,ABL1
ABL,-1.2433333333333334,7,KRSA,0.710801393728223,3,TK,ABL,ABL,ABL2
EPH,0.3591666666666667,19,KRSA,0.1672473867595819,1,TK,EPH,EPH,EPHA1
EPH,0.3591666666666667,19,KRSA,0.1672473867595819,1,TK,EPH,EPH,EPHA2
EPH,0.3591666666666667,19,KRSA,0.1672473867595819,1,TK,EPH,EPH,EPHA3
EPH,0.3591666666666667,19,KRSA,0.1672473867595819,1,TK,EPH,EPH,EPHA4
EPH,0.3591666666666667,19,KRSA,0.1672473867595819,1,TK,EPH,EPH,EPHA5
EPH,0.3591666666666667,19,KRSA,0.1672473867595819,1,TK,EPH,EPH,EPHA6
EPH,0.3591666666666667,19,KRSA,0.1672473867595819,1,TK,EPH,EPH,EPHA7
EPH,0.3591666666666667,19,KRSA,0.1672473867595819,1,TK,EPH,EPH,EPHA8
EPH,0.3591666666666667,19,KRSA,0.1672473867595819,1,TK,EPH,EPH,EPHB1
EPH,0.3591666666666667,19,KRSA,0.1672473867595819,1,TK,EPH,EPH,EPHB2
EPH,0.3591666666666667,19,KRSA,0.1672473867595819,1,TK,EPH,EPH,EPHB3
EPH,0.3591666666666667,19,KRSA,0.1672473867595819,1,TK,EPH,EPH,EPHB4
DDR,-0.7558333333333334,11,KRSA,0.5435540069686411,3,TK,DDR,DDR,DDR1
DDR,-0.7558333333333334,11,KRSA,0.5435540069686411,3,TK,DDR,DDR,DDR2
MET,-1.4691666666666667,5,KRSA,0.794425087108014,4,TK,MET,MET,MET
MET,-1.4691666666666667,5,KRSA,0.794425087108014,4,TK,MET,MET,MST1R
FRK,-1.1383333333333334,9,KRSA,0.627177700348432,3,TK,SRC,FRK,FRK
RET,-0.6525,13,KRSA,0.45993031358885017,2,TK,RET,RET,RET
JAK,-1.3108333333333333,6,KRSA,0.7526132404181185,4,TK,JAKA,JAKA,JAK1
JAK,-1.3108333333333333,6,KRSA,0.7526132404181185,4,TK,JAKA,JAKA,JAK2
JAK,-1.3108333333333333,6,KRSA,0.7526132404181185,4,TK,JAKA,JAKA,JAK3
JAK,-1.3108333333333333,6,KRSA,0.7526132404181185,4,TK,JAKA,JAKA,TYK2
SRC,-1.9908333333333337,3,KRSA,0.8780487804878049,4,TK,SRC,SRCB,BLK
SRC,-1.9908333333333337,3,KRSA,0.8780487804878049,4,TK,SRC,SRCA,FGR
SRC,-1.9908333333333337,3,KRSA,0.8780487804878049,4,TK,SRC,SRCA,FYN
SRC,-1.9908333333333337,3,KRSA,0.8780487804878049,4,TK,SRC,SRCB,HCK
SRC,-1.9908333333333337,3,KRSA,0.8780487804878049,4,TK,SRC,SRCB,LCK
SRC,-1.9908333333333337,3,KRSA,0.8780487804878049,4,TK,SRC,SRCB,LYN
SRC,-1.9908333333333337,3,KRSA,0.8780487804878049,4,TK,SRC,SRM,PTK6
SRC,-1.9908333333333337,3,KRSA,0.8780487804878049,4,TK,SRC,SRCA,SRC
SRC,-1.9908333333333337,3,KRSA,0.8780487804878049,4,TK,SRC,SRM,SRMS
SRC,-1.9908333333333337,3,KRSA,0.8780487804878049,4,TK,SRC,SRCA,YES1
ALK,0.8225,10,KRSA,0.5853658536585366,3,TK,ALK,ALK,ALK
ALK,0.8225,10,KRSA,0.5853658536585366,3,TK,ALK,ALK,LTK
TRK,0.4241666666666667,18,KRSA,0.20905923344947736,1,TK,TRK,TRK,NTRK1
TRK,0.4241666666666667,18,KRSA,0.20905923344947736,1,TK,TRK,TRK,NTRK2
TRK,0.4241666666666667,18,KRSA,0.20905923344947736,1,TK,TRK,TRK,NTRK3
FGFR,0.04583333333333332,22,KRSA,0.041811846689895474,1,TK,FGFR,FGFR,FGFR1
FGFR,0.04583333333333332,22,KRSA,0.041811846689895474,1,TK,FGFR,FGFR,FGFR2
FGFR,0.04583333333333332,22,KRSA,0.041811846689895474,1,TK,FGFR,FGFR,FGFR3
FGFR,0.04583333333333332,22,KRSA,0.041811846689895474,1,TK,FGFR,FGFR,FGFR4
FER,0.2466666666666667,21,KRSA,0.08362369337979095,1,TK,FER,FER,FER
FER,0.2466666666666667,21,KRSA,0.08362369337979095,1,TK,FER,FER,FES
RYK,-0.6241666666666666,15,KRSA,0.3344947735191638,2,TK,RYK,RYK,RYK
PDGFR,-0.7366666666666667,12,KRSA,0.5017421602787456,3,TK,PDGFR,PDGFR,CSF1R
PDGFR,-0.7366666666666667,12,KRSA,0.5017421602787456,3,TK,PDGFR,PDGFR,FLT3
PDGFR,-0.7366666666666667,12,KRSA,0.5017421602787456,3,TK,PDGFR,PDGFR,KIT
PDGFR,-0.7366666666666667,12,KRSA,0.5017421602787456,3,TK,PDGFR,PDGFR,PDGFRA
PDGFR,-0.7366666666666667,12,KRSA,0.5017421602787456,3,TK,PDGFR,PDGFR,PDGFRB
ACK,-0.4508333333333333,16,KRSA,0.2926829268292683,2,TK,ACK,ACK,TNK1
ACK,-0.4508333333333333,16,KRSA,0.2926829268292683,2,TK,ACK,ACK,TNK2
SEV,-0.44583333333333336,17,KRSA,0.2508710801393728,2,TK,SEV,SEV,ROS1
EGFR,-0.6249999999999999,14,KRSA,0.4181184668989547,2,TK,EGFR,EGFR,EGFR
EGFR,-0.6249999999999999,14,KRSA,0.4181184668989547,2,TK,EGFR,EGFR,ERBB2
EGFR,-0.6249999999999999,14,KRSA,0.4181184668989547,2,TK,EGFR,EGFR,ERBB3
EGFR,-0.6249999999999999,14,KRSA,0.4181184668989547,2,TK,EGFR,EGFR,ERBB4
TEC,-0.24833333333333335,20,KRSA,0.1254355400696864,1,TK,TEC,TEC,BMX
TEC,-0.24833333333333335,20,KRSA,0.1254355400696864,1,TK,TEC,TEC,BTK
TEC,-0.24833333333333335,20,KRSA,0.1254355400696864,1,TK,TEC,TEC,ITK
TEC,-0.24833333333333335,20,KRSA,0.1254355400696864,1,TK,TEC,TEC,TEC
TEC,-0.24833333333333335,20,KRSA,0.1254355400696864,1,TK,TEC,TEC,TXK
CSK,0.6241666666666666,15,KRSA,0.3344947735191638,2,TK,CSK,CSK,CSK
CSK,0.6241666666666666,15,KRSA,0.3344947735191638,2,TK,CSK,CSK,MATK
SYK,0.02749999999999996,23,KRSA,0,1,TK,SYK,SYK,SYK
SYK,0.02749999999999996,23,KRSA,0,1,TK,SYK,SYK,ZAP70
FAK,-2.1,1,KRSA,0.9616724738675958,4,TK,FAK,FAK,PTK2
FAK,-2.1,1,KRSA,0.9616724738675958,4,TK,FAK,FAK,PTK2B
SRC,-1.9908333333333337,3,KRSA,0.8780487804878049,4,TK,SRC,SRCB,BLK
SRC,-1.9908333333333337,3,KRSA,0.8780487804878049,4,TK,SRC,SRCA,FGR
SRC,-1.9908333333333337,3,KRSA,0.8780487804878049,4,TK,SRC,SRCA,FYN
SRC,-1.9908333333333337,3,KRSA,0.8780487804878049,4,TK,SRC,SRCB,HCK
SRC,-1.9908333333333337,3,KRSA,0.8780487804878049,4,TK,SRC,SRCB,LCK
SRC,-1.9908333333333337,3,KRSA,0.8780487804878049,4,TK,SRC,SRCB,LYN
SRC,-1.9908333333333337,3,KRSA,0.8780487804878049,4,TK,SRC,SRM,PTK6
SRC,-1.9908333333333337,3,KRSA,0.8780487804878049,4,TK,SRC,SRCA,SRC
SRC,-1.9908333333333337,3,KRSA,0.8780487804878049,4,TK,SRC,SRM,SRMS
SRC,-1.9908333333333337,3,KRSA,0.8780487804878049,4,TK,SRC,SRCA,YES1
INSR,-2.0516666666666667,2,KRSA,0.9198606271777003,4,TK,INSR,INSR,IGF1R
INSR,-2.0516666666666667,2,KRSA,0.9198606271777003,4,TK,INSR,INSR,INSR
INSR,-2.0516666666666667,2,KRSA,0.9198606271777003,4,TK,INSR,INSR,INSRR
AXL,-1.9266666666666667,4,KRSA,0.8362369337979094,4,TK,AXL,AXL,AXL
AXL,-1.9266666666666667,4,KRSA,0.8362369337979094,4,TK,AXL,AXL,MERTK
AXL,-1.9266666666666667,4,KRSA,0.8362369337979094,4,TK,AXL,AXL,TYRO3
MET,-1.4691666666666667,5,KRSA,0.794425087108014,4,TK,MET,MET,MET
MET,-1.4691666666666667,5,KRSA,0.794425087108014,4,TK,MET,MET,MST1R
ABL,-1.2433333333333334,7,KRSA,0.710801393728223,3,TK,ABL,ABL,ABL1
ABL,-1.2433333333333334,7,KRSA,0.710801393728223,3,TK,ABL,ABL,ABL2
PDGFR,-0.7366666666666667,12,KRSA,0.5017421602787456,3,TK,PDGFR,PDGFR,CSF1R
PDGFR,-0.7366666666666667,12,KRSA,0.5017421602787456,3,TK,PDGFR,PDGFR,FLT3
PDGFR,-0.7366666666666667,12,KRSA,0.5017421602787456,3,TK,PDGFR,PDGFR,KIT
PDGFR,-0.7366666666666667,12,KRSA,0.5017421602787456,3,TK,PDGFR,PDGFR,PDGFRA
PDGFR,-0.7366666666666667,12,KRSA,0.5017421602787456,3,TK,PDGFR,PDGFR,PDGFRB
TRK,0.4241666666666667,18,KRSA,0.20905923344947736,1,TK,TRK,TRK,NTRK1
TRK,0.4241666666666667,18,KRSA,0.20905923344947736,1,TK,TRK,TRK,NTRK2
TRK,0.4241666666666667,18,KRSA,0.20905923344947736,1,TK,TRK,TRK,NTRK3
CSK,0.6241666666666666,15,KRSA,0.3344947735191638,2,TK,CSK,CSK,CSK
CSK,0.6241666666666666,15,KRSA,0.3344947735191638,2,TK,CSK,CSK,MATK
VEGFR,1.1783333333333332,8,KRSA,0.6689895470383276,3,TK,VEGFR,VEGFR,FLT1
VEGFR,1.1783333333333332,8,KRSA,0.6689895470383276,3,TK,VEGFR,VEGFR,FLT4
VEGFR,1.1783333333333332,8,KRSA,0.6689895470383276,3,TK,VEGFR,VEGFR,KDR
JAK,-1.3108333333333333,6,KRSA,0.7526132404181185,4,TK,JAKA,JAKA,JAK1
JAK,-1.3108333333333333,6,KRSA,0.7526132404181185,4,TK,JAKA,JAKA,JAK2
JAK,-1.3108333333333333,6,KRSA,0.7526132404181185,4,TK,JAKA,JAKA,JAK3
JAK,-1.3108333333333333,6,KRSA,0.7526132404181185,4,TK,JAKA,JAKA,TYK2
EPH,0.3591666666666667,19,KRSA,0.1672473867595819,1,TK,EPH,EPH,EPHA1
EPH,0.3591666666666667,19,KRSA,0.1672473867595819,1,TK,EPH,EPH,EPHA2
EPH,0.3591666666666667,19,KRSA,0.1672473867595819,1,TK,EPH,EPH,EPHA3
EPH,0.3591666666666667,19,KRSA,0.1672473867595819,1,TK,EPH,EPH,EPHA4
EPH,0.3591666666666667,19,KRSA,0.1672473867595819,1,TK,EPH,EPH,EPHA5
EPH,0.3591666666666667,19,KRSA,0.1672473867595819,1,TK,EPH,EPH,EPHA6
EPH,0.3591666666666667,19,KRSA,0.1672473867595819,1,TK,EPH,EPH,EPHA7
EPH,0.3591666666666667,19,KRSA,0.1672473867595819,1,TK,EPH,EPH,EPHA8
EPH,0.3591666666666667,19,KRSA,0.1672473867595819,1,TK,EPH,EPH,EPHB1
EPH,0.3591666666666667,19,KRSA,0.1672473867595819,1,TK,EPH,EPH,EPHB2
EPH,0.3591666666666667,19,KRSA,0.1672473867595819,1,TK,EPH,EPH,EPHB3
EPH,0.3591666666666667,19,KRSA,0.1672473867595819,1,TK,EPH,EPH,EPHB4
ALK,0.8225,10,KRSA,0.5853658536585366,3,TK,ALK,ALK,ALK
ALK,0.8225,10,KRSA,0.5853658536585366,3,TK,ALK,ALK,LTK
RYK,-0.6241666666666666,15,KRSA,0.3344947735191638,2,TK,RYK,RYK,RYK
FRK,-1.1383333333333334,9,KRSA,0.627177700348432,3,TK,SRC,FRK,FRK
TEC,-0.24833333333333335,20,KRSA,0.1254355400696864,1,TK,TEC,TEC,BMX
TEC,-0.24833333333333335,20,KRSA,0.1254355400696864,1,TK,TEC,TEC,BTK
TEC,-0.24833333333333335,20,KRSA,0.1254355400696864,1,TK,TEC,TEC,ITK
TEC,-0.24833333333333335,20,KRSA,0.1254355400696864,1,TK,TEC,TEC,TEC
TEC,-0.24833333333333335,20,KRSA,0.1254355400696864,1,TK,TEC,TEC,TXK
FER,0.2466666666666667,21,KRSA,0.08362369337979095,1,TK,FER,FER,FER
FER,0.2466666666666667,21,KRSA,0.08362369337979095,1,TK,FER,FER,FES
DDR,-0.7558333333333334,11,KRSA,0.5435540069686411,3,TK,DDR,DDR,DDR1
DDR,-0.7558333333333334,11,KRSA,0.5435540069686411,3,TK,DDR,DDR,DDR2
RET,-0.6525,13,KRSA,0.45993031358885017,2,TK,RET,RET,RET
SEV,-0.44583333333333336,17,KRSA,0.2508710801393728,2,TK,SEV,SEV,ROS1
ACK,-0.4508333333333333,16,KRSA,0.2926829268292683,2,TK,ACK,ACK,TNK1
ACK,-0.4508333333333333,16,KRSA,0.2926829268292683,2,TK,ACK,ACK,TNK2
SYK,0.02749999999999996,23,KRSA,0,1,TK,SYK,SYK,SYK
SYK,0.02749999999999996,23,KRSA,0,1,TK,SYK,SYK,ZAP70
EGFR,-0.6249999999999999,14,KRSA,0.4181184668989547,2,TK,EGFR,EGFR,EGFR
EGFR,-0.6249999999999999,14,KRSA,0.4181184668989547,2,TK,EGFR,EGFR,ERBB2
EGFR,-0.6249999999999999,14,KRSA,0.4181184668989547,2,TK,EGFR,EGFR,ERBB3
EGFR,-0.6249999999999999,14,KRSA,0.4181184668989547,2,TK,EGFR,EGFR,ERBB4
FGFR,0.04583333333333332,22,KRSA,0.041811846689895474,1,TK,FGFR,FGFR,FGFR1
FGFR,0.04583333333333332,22,KRSA,0.041811846689895474,1,TK,FGFR,FGFR,FGFR2
FGFR,0.04583333333333332,22,KRSA,0.041811846689895474,1,TK,FGFR,FGFR,FGFR3
FGFR,0.04583333333333332,22,KRSA,0.041811846689895474,1,TK,FGFR,FGFR,FGFR4
SRC,-1.9908333333333337,3,KRSA,0.8780487804878049,4,TK,SRC,SRCB,BLK
SRC,-1.9908333333333337,3,KRSA,0.8780487804878049,4,TK,SRC,SRCA,FGR
SRC,-1.9908333333333337,3,KRSA,0.8780487804878049,4,TK,SRC,SRCA,FYN
SRC,-1.9908333333333337,3,KRSA,0.8780487804878049,4,TK,SRC,SRCB,HCK
SRC,-1.9908333333333337,3,KRSA,0.8780487804878049,4,TK,SRC,SRCB,LCK
SRC,-1.9908333333333337,3,KRSA,0.8780487804878049,4,TK,SRC,SRCB,LYN
SRC,-1.9908333333333337,3,KRSA,0.8780487804878049,4,TK,SRC,SRM,PTK6
SRC,-1.9908333333333337,3,KRSA,0.8780487804878049,4,TK,SRC,SRCA,SRC
SRC,-1.9908333333333337,3,KRSA,0.8780487804878049,4,TK,SRC,SRM,SRMS
SRC,-1.9908333333333337,3,KRSA,0.8780487804878049,4,TK,SRC,SRCA,YES1
FAK,-2.1,1,KRSA,0.9616724738675958,4,TK,FAK,FAK,PTK2
FAK,-2.1,1,KRSA,0.9616724738675958,4,TK,FAK,FAK,PTK2B
INSR,-2.0516666666666667,2,KRSA,0.9198606271777003,4,TK,INSR,INSR,IGF1R
INSR,-2.0516666666666667,2,KRSA,0.9198606271777003,4,TK,INSR,INSR,INSR
INSR,-2.0516666666666667,2,KRSA,0.9198606271777003,4,TK,INSR,INSR,INSRR
ABL,-1.2433333333333334,7,KRSA,0.710801393728223,3,TK,ABL,ABL,ABL1
ABL,-1.2433333333333334,7,KRSA,0.710801393728223,3,TK,ABL,ABL,ABL2
AXL,-1.9266666666666667,4,KRSA,0.8362369337979094,4,TK,AXL,AXL,AXL
AXL,-1.9266666666666667,4,KRSA,0.8362369337979094,4,TK,AXL,AXL,MERTK
AXL,-1.9266666666666667,4,KRSA,0.8362369337979094,4,TK,AXL,AXL,TYRO3
MET,-1.4691666666666667,5,KRSA,0.794425087108014,4,TK,MET,MET,MET
MET,-1.4691666666666667,5,KRSA,0.794425087108014,4,TK,MET,MET,MST1R
TRK,0.4241666666666667,18,KRSA,0.20905923344947736,1,TK,TRK,TRK,NTRK1
TRK,0.4241666666666667,18,KRSA,0.20905923344947736,1,TK,TRK,TRK,NTRK2
TRK,0.4241666666666667,18,KRSA,0.20905923344947736,1,TK,TRK,TRK,NTRK3
ALK,0.8225,10,KRSA,0.5853658536585366,3,TK,ALK,ALK,ALK
ALK,0.8225,10,KRSA,0.5853658536585366,3,TK,ALK,ALK,LTK
PDGFR,-0.7366666666666667,12,KRSA,0.5017421602787456,3,TK,PDGFR,PDGFR,CSF1R
PDGFR,-0.7366666666666667,12,KRSA,0.5017421602787456,3,TK,PDGFR,PDGFR,FLT3
PDGFR,-0.7366666666666667,12,KRSA,0.5017421602787456,3,TK,PDGFR,PDGFR,KIT
PDGFR,-0.7366666666666667,12,KRSA,0.5017421602787456,3,TK,PDGFR,PDGFR,PDGFRA
PDGFR,-0.7366666666666667,12,KRSA,0.5017421602787456,3,TK,PDGFR,PDGFR,PDGFRB
CSK,0.6241666666666666,15,KRSA,0.3344947735191638,2,TK,CSK,CSK,CSK
CSK,0.6241666666666666,15,KRSA,0.3344947735191638,2,TK,CSK,CSK,MATK
JAK,-1.3108333333333333,6,KRSA,0.7526132404181185,4,TK,JAKA,JAKA,JAK1
JAK,-1.3108333333333333,6,KRSA,0.7526132404181185,4,TK,JAKA,JAKA,JAK2
JAK,-1.3108333333333333,6,KRSA,0.7526132404181185,4,TK,JAKA,JAKA,JAK3
JAK,-1.3108333333333333,6,KRSA,0.7526132404181185,4,TK,JAKA,JAKA,TYK2
EPH,0.3591666666666667,19,KRSA,0.1672473867595819,1,TK,EPH,EPH,EPHA1
EPH,0.3591666666666667,19,KRSA,0.1672473867595819,1,TK,EPH,EPH,EPHA2
EPH,0.3591666666666667,19,KRSA,0.1672473867595819,1,TK,EPH,EPH,EPHA3
EPH,0.3591666666666667,19,KRSA,0.1672473867595819,1,TK,EPH,EPH,EPHA4
EPH,0.3591666666666667,19,KRSA,0.1672473867595819,1,TK,EPH,EPH,EPHA5
EPH,0.3591666666666667,19,KRSA,0.1672473867595819,1,TK,EPH,EPH,EPHA6
EPH,0.3591666666666667,19,KRSA,0.1672473867595819,1,TK,EPH,EPH,EPHA7
EPH,0.3591666666666667,19,KRSA,0.1672473867595819,1,TK,EPH,EPH,EPHA8
EPH,0.3591666666666667,19,KRSA,0.1672473867595819,1,TK,EPH,EPH,EPHB1
EPH,0.3591666666666667,19,KRSA,0.1672473867595819,1,TK,EPH,EPH,EPHB2
EPH,0.3591666666666667,19,KRSA,0.1672473867595819,1,TK,EPH,EPH,EPHB3
EPH,0.3591666666666667,19,KRSA,0.1672473867595819,1,TK,EPH,EPH,EPHB4
VEGFR,1.1783333333333332,8,KRSA,0.6689895470383276,3,TK,VEGFR,VEGFR,FLT1
VEGFR,1.1783333333333332,8,KRSA,0.6689895470383276,3,TK,VEGFR,VEGFR,FLT4
VEGFR,1.1783333333333332,8,KRSA,0.6689895470383276,3,TK,VEGFR,VEGFR,KDR
RYK,-0.6241666666666666,15,KRSA,0.3344947735191638,2,TK,RYK,RYK,RYK
FER,0.2466666666666667,21,KRSA,0.08362369337979095,1,TK,FER,FER,FER
FER,0.2466666666666667,21,KRSA,0.08362369337979095,1,TK,FER,FER,FES
FRK,-1.1383333333333334,9,KRSA,0.627177700348432,3,TK,SRC,FRK,FRK
ACK,-0.4508333333333333,16,KRSA,0.2926829268292683,2,TK,ACK,ACK,TNK1
ACK,-0.4508333333333333,16,KRSA,0.2926829268292683,2,TK,ACK,ACK,TNK2
TEC,-0.24833333333333335,20,KRSA,0.1254355400696864,1,TK,TEC,TEC,BMX
TEC,-0.24833333333333335,20,KRSA,0.1254355400696864,1,TK,TEC,TEC,BTK
TEC,-0.24833333333333335,20,KRSA,0.1254355400696864,1,TK,TEC,TEC,ITK
TEC,-0.24833333333333335,20,KRSA,0.1254355400696864,1,TK,TEC,TEC,TEC
TEC,-0.24833333333333335,20,KRSA,0.1254355400696864,1,TK,TEC,TEC,TXK
RET,-0.6525,13,KRSA,0.45993031358885017,2,TK,RET,RET,RET
SEV,-0.44583333333333336,17,KRSA,0.2508710801393728,2,TK,SEV,SEV,ROS1
DDR,-0.7558333333333334,11,KRSA,0.5435540069686411,3,TK,DDR,DDR,DDR1
DDR,-0.7558333333333334,11,KRSA,0.5435540069686411,3,TK,DDR,DDR,DDR2
SYK,0.02749999999999996,23,KRSA,0,1,TK,SYK,SYK,SYK
SYK,0.02749999999999996,23,KRSA,0,1,TK,SYK,SYK,ZAP70
FGFR,0.04583333333333332,22,KRSA,0.041811846689895474,1,TK,FGFR,FGFR,FGFR1
FGFR,0.04583333333333332,22,KRSA,0.041811846689895474,1,TK,FGFR,FGFR,FGFR2
FGFR,0.04583333333333332,22,KRSA,0.041811846689895474,1,TK,FGFR,FGFR,FGFR3
FGFR,0.04583333333333332,22,KRSA,0.041811846689895474,1,TK,FGFR,FGFR,FGFR4
EGFR,-0.6249999999999999,14,KRSA,0.4181184668989547,2,TK,EGFR,EGFR,EGFR
EGFR,-0.6249999999999999,14,KRSA,0.4181184668989547,2,TK,EGFR,EGFR,ERBB2
EGFR,-0.6249999999999999,14,KRSA,0.4181184668989547,2,TK,EGFR,EGFR,ERBB3
EGFR,-0.6249999999999999,14,KRSA,0.4181184668989547,2,TK,EGFR,EGFR,ERBB4
FAK,-2.1,1,KRSA,0.9616724738675958,4,TK,FAK,FAK,PTK2
FAK,-2.1,1,KRSA,0.9616724738675958,4,TK,FAK,FAK,PTK2B
SRC,-1.9908333333333337,3,KRSA,0.8780487804878049,4,TK,SRC,SRCB,BLK
SRC,-1.9908333333333337,3,KRSA,0.8780487804878049,4,TK,SRC,SRCA,FGR
SRC,-1.9908333333333337,3,KRSA,0.8780487804878049,4,TK,SRC,SRCA,FYN
SRC,-1.9908333333333337,3,KRSA,0.8780487804878049,4,TK,SRC,SRCB,HCK
SRC,-1.9908333333333337,3,KRSA,0.8780487804878049,4,TK,SRC,SRCB,LCK
SRC,-1.9908333333333337,3,KRSA,0.8780487804878049,4,TK,SRC,SRCB,LYN
SRC,-1.9908333333333337,3,KRSA,0.8780487804878049,4,TK,SRC,SRM,PTK6
SRC,-1.9908333333333337,3,KRSA,0.8780487804878049,4,TK,SRC,SRCA,SRC
SRC,-1.9908333333333337,3,KRSA,0.8780487804878049,4,TK,SRC,SRM,SRMS
SRC,-1.9908333333333337,3,KRSA,0.8780487804878049,4,TK,SRC,SRCA,YES1
INSR,-2.0516666666666667,2,KRSA,0.9198606271777003,4,TK,INSR,INSR,IGF1R
INSR,-2.0516666666666667,2,KRSA,0.9198606271777003,4,TK,INSR,INSR,INSR
INSR,-2.0516666666666667,2,KRSA,0.9198606271777003,4,TK,INSR,INSR,INSRR
AXL,-1.9266666666666667,4,KRSA,0.8362369337979094,4,TK,AXL,AXL,AXL
AXL,-1.9266666666666667,4,KRSA,0.8362369337979094,4,TK,AXL,AXL,MERTK
AXL,-1.9266666666666667,4,KRSA,0.8362369337979094,4,TK,AXL,AXL,TYRO3
EPH,0.3591666666666667,19,KRSA,0.1672473867595819,1,TK,EPH,EPH,EPHA1
EPH,0.3591666666666667,19,KRSA,0.1672473867595819,1,TK,EPH,EPH,EPHA2
EPH,0.3591666666666667,19,KRSA,0.1672473867595819,1,TK,EPH,EPH,EPHA3
EPH,0.3591666666666667,19,KRSA,0.1672473867595819,1,TK,EPH,EPH,EPHA4
EPH,0.3591666666666667,19,KRSA,0.1672473867595819,1,TK,EPH,EPH,EPHA5
EPH,0.3591666666666667,19,KRSA,0.1672473867595819,1,TK,EPH,EPH,EPHA6
EPH,0.3591666666666667,19,KRSA,0.1672473867595819,1,TK,EPH,EPH,EPHA7
EPH,0.3591666666666667,19,KRSA,0.1672473867595819,1,TK,EPH,EPH,EPHA8
EPH,0.3591666666666667,19,KRSA,0.1672473867595819,1,TK,EPH,EPH,EPHB1
EPH,0.3591666666666667,19,KRSA,0.1672473867595819,1,TK,EPH,EPH,EPHB2
EPH,0.3591666666666667,19,KRSA,0.1672473867595819,1,TK,EPH,EPH,EPHB3
EPH,0.3591666666666667,19,KRSA,0.1672473867595819,1,TK,EPH,EPH,EPHB4
ABL,-1.2433333333333334,7,KRSA,0.710801393728223,3,TK,ABL,ABL,ABL1
ABL,-1.2433333333333334,7,KRSA,0.710801393728223,3,TK,ABL,ABL,ABL2
PDGFR,-0.7366666666666667,12,KRSA,0.5017421602787456,3,TK,PDGFR,PDGFR,CSF1R
PDGFR,-0.7366666666666667,12,KRSA,0.5017421602787456,3,TK,PDGFR,PDGFR,FLT3
PDGFR,-0.7366666666666667,12,KRSA,0.5017421602787456,3,TK,PDGFR,PDGFR,KIT
PDGFR,-0.7366666666666667,12,KRSA,0.5017421602787456,3,TK,PDGFR,PDGFR,PDGFRA
PDGFR,-0.7366666666666667,12,KRSA,0.5017421602787456,3,TK,PDGFR,PDGFR,PDGFRB
FRK,-1.1383333333333334,9,KRSA,0.627177700348432,3,TK,SRC,FRK,FRK
VEGFR,1.1783333333333332,8,KRSA,0.6689895470383276,3,TK,VEGFR,VEGFR,FLT1
VEGFR,1.1783333333333332,8,KRSA,0.6689895470383276,3,TK,VEGFR,VEGFR,FLT4
VEGFR,1.1783333333333332,8,KRSA,0.6689895470383276,3,TK,VEGFR,VEGFR,KDR
RET,-0.6525,13,KRSA,0.45993031358885017,2,TK,RET,RET,RET
DDR,-0.7558333333333334,11,KRSA,0.5435540069686411,3,TK,DDR,DDR,DDR1
DDR,-0.7558333333333334,11,KRSA,0.5435540069686411,3,TK,DDR,DDR,DDR2
FER,0.2466666666666667,21,KRSA,0.08362369337979095,1,TK,FER,FER,FER
FER,0.2466666666666667,21,KRSA,0.08362369337979095,1,TK,FER,FER,FES
MET,-1.4691666666666667,5,KRSA,0.794425087108014,4,TK,MET,MET,MET
MET,-1.4691666666666667,5,KRSA,0.794425087108014,4,TK,MET,MET,MST1R
RYK,-0.6241666666666666,15,KRSA,0.3344947735191638,2,TK,RYK,RYK,RYK
ALK,0.8225,10,KRSA,0.5853658536585366,3,TK,ALK,ALK,ALK
ALK,0.8225,10,KRSA,0.5853658536585366,3,TK,ALK,ALK,LTK
JAK,-1.3108333333333333,6,KRSA,0.7526132404181185,4,TK,JAKA,JAKA,JAK1
JAK,-1.3108333333333333,6,KRSA,0.7526132404181185,4,TK,JAKA,JAKA,JAK2
JAK,-1.3108333333333333,6,KRSA,0.7526132404181185,4,TK,JAKA,JAKA,JAK3
JAK,-1.3108333333333333,6,KRSA,0.7526132404181185,4,TK,JAKA,JAKA,TYK2
CSK,0.6241666666666666,15,KRSA,0.3344947735191638,2,TK,CSK,CSK,CSK
CSK,0.6241666666666666,15,KRSA,0.3344947735191638,2,TK,CSK,CSK,MATK
FGFR,0.04583333333333332,22,KRSA,0.041811846689895474,1,TK,FGFR,FGFR,FGFR1
FGFR,0.04583333333333332,22,KRSA,0.041811846689895474,1,TK,FGFR,FGFR,FGFR2
FGFR,0.04583333333333332,22,KRSA,0.041811846689895474,1,TK,FGFR,FGFR,FGFR3
FGFR,0.04583333333333332,22,KRSA,0.041811846689895474,1,TK,FGFR,FGFR,FGFR4
TRK,0.4241666666666667,18,KRSA,0.20905923344947736,1,TK,TRK,TRK,NTRK1
TRK,0.4241666666666667,18,KRSA,0.20905923344947736,1,TK,TRK,TRK,NTRK2
TRK,0.4241666666666667,18,KRSA,0.20905923344947736,1,TK,TRK,TRK,NTRK3
SEV,-0.44583333333333336,17,KRSA,0.2508710801393728,2,TK,SEV,SEV,ROS1
ACK,-0.4508333333333333,16,KRSA,0.2926829268292683,2,TK,ACK,ACK,TNK1
ACK,-0.4508333333333333,16,KRSA,0.2926829268292683,2,TK,ACK,ACK,TNK2
SYK,0.02749999999999996,23,KRSA,0,1,TK,SYK,SYK,SYK
SYK,0.02749999999999996,23,KRSA,0,1,TK,SYK,SYK,ZAP70
EGFR,-0.6249999999999999,14,KRSA,0.4181184668989547,2,TK,EGFR,EGFR,EGFR
EGFR,-0.6249999999999999,14,KRSA,0.4181184668989547,2,TK,EGFR,EGFR,ERBB2
EGFR,-0.6249999999999999,14,KRSA,0.4181184668989547,2,TK,EGFR,EGFR,ERBB3
EGFR,-0.6249999999999999,14,KRSA,0.4181184668989547,2,TK,EGFR,EGFR,ERBB4
TEC,-0.24833333333333335,20,KRSA,0.1254355400696864,1,TK,TEC,TEC,BMX
TEC,-0.24833333333333335,20,KRSA,0.1254355400696864,1,TK,TEC,TEC,BTK
TEC,-0.24833333333333335,20,KRSA,0.1254355400696864,1,TK,TEC,TEC,ITK
TEC,-0.24833333333333335,20,KRSA,0.1254355400696864,1,TK,TEC,TEC,TEC
TEC,-0.24833333333333335,20,KRSA,0.1254355400696864,1,TK,TEC,TEC,TXK
INSR,-2.0516666666666667,2,KRSA,0.9198606271777003,4,TK,INSR,INSR,IGF1R
INSR,-2.0516666666666667,2,KRSA,0.9198606271777003,4,TK,INSR,INSR,INSR
INSR,-2.0516666666666667,2,KRSA,0.9198606271777003,4,TK,INSR,INSR,INSRR
AXL,-1.9266666666666667,4,KRSA,0.8362369337979094,4,TK,AXL,AXL,AXL
AXL,-1.9266666666666667,4,KRSA,0.8362369337979094,4,TK,AXL,AXL,MERTK
AXL,-1.9266666666666667,4,KRSA,0.8362369337979094,4,TK,AXL,AXL,TYRO3
EPH,0.3591666666666667,19,KRSA,0.1672473867595819,1,TK,EPH,EPH,EPHA1
EPH,0.3591666666666667,19,KRSA,0.1672473867595819,1,TK,EPH,EPH,EPHA2
EPH,0.3591666666666667,19,KRSA,0.1672473867595819,1,TK,EPH,EPH,EPHA3
EPH,0.3591666666666667,19,KRSA,0.1672473867595819,1,TK,EPH,EPH,EPHA4
EPH,0.3591666666666667,19,KRSA,0.1672473867595819,1,TK,EPH,EPH,EPHA5
EPH,0.3591666666666667,19,KRSA,0.1672473867595819,1,TK,EPH,EPH,EPHA6
EPH,0.3591666666666667,19,KRSA,0.1672473867595819,1,TK,EPH,EPH,EPHA7
EPH,0.3591666666666667,19,KRSA,0.1672473867595819,1,TK,EPH,EPH,EPHA8
EPH,0.3591666666666667,19,KRSA,0.1672473867595819,1,TK,EPH,EPH,EPHB1
EPH,0.3591666666666667,19,KRSA,0.1672473867595819,1,TK,EPH,EPH,EPHB2
EPH,0.3591666666666667,19,KRSA,0.1672473867595819,1,TK,EPH,EPH,EPHB3
EPH,0.3591666666666667,19,KRSA,0.1672473867595819,1,TK,EPH,EPH,EPHB4
FAK,-2.1,1,KRSA,0.9616724738675958,4,TK,FAK,FAK,PTK2
FAK,-2.1,1,KRSA,0.9616724738675958,4,TK,FAK,FAK,PTK2B
SRC,-1.9908333333333337,3,KRSA,0.8780487804878049,4,TK,SRC,SRCB,BLK
SRC,-1.9908333333333337,3,KRSA,0.8780487804878049,4,TK,SRC,SRCA,FGR
SRC,-1.9908333333333337,3,KRSA,0.8780487804878049,4,TK,SRC,SRCA,FYN
SRC,-1.9908333333333337,3,KRSA,0.8780487804878049,4,TK,SRC,SRCB,HCK
SRC,-1.9908333333333337,3,KRSA,0.8780487804878049,4,TK,SRC,SRCB,LCK
SRC,-1.9908333333333337,3,KRSA,0.8780487804878049,4,TK,SRC,SRCB,LYN
SRC,-1.9908333333333337,3,KRSA,0.8780487804878049,4,TK,SRC,SRM,PTK6
SRC,-1.9908333333333337,3,KRSA,0.8780487804878049,4,TK,SRC,SRCA,SRC
SRC,-1.9908333333333337,3,KRSA,0.8780487804878049,4,TK,SRC,SRM,SRMS
SRC,-1.9908333333333337,3,KRSA,0.8780487804878049,4,TK,SRC,SRCA,YES1
ABL,-1.2433333333333334,7,KRSA,0.710801393728223,3,TK,ABL,ABL,ABL1
ABL,-1.2433333333333334,7,KRSA,0.710801393728223,3,TK,ABL,ABL,ABL2
FER,0.2466666666666667,21,KRSA,0.08362369337979095,1,TK,FER,FER,FER
FER,0.2466666666666667,21,KRSA,0.08362369337979095,1,TK,FER,FER,FES
MET,-1.4691666666666667,5,KRSA,0.794425087108014,4,TK,MET,MET,MET
MET,-1.4691666666666667,5,KRSA,0.794425087108014,4,TK,MET,MET,MST1R
FRK,-1.1383333333333334,9,KRSA,0.627177700348432,3,TK,SRC,FRK,FRK
CSK,0.6241666666666666,15,KRSA,0.3344947735191638,2,TK,CSK,CSK,CSK
CSK,0.6241666666666666,15,KRSA,0.3344947735191638,2,TK,CSK,CSK,MATK
RET,-0.6525,13,KRSA,0.45993031358885017,2,TK,RET,RET,RET
ALK,0.8225,10,KRSA,0.5853658536585366,3,TK,ALK,ALK,ALK
ALK,0.8225,10,KRSA,0.5853658536585366,3,TK,ALK,ALK,LTK
TRK,0.4241666666666667,18,KRSA,0.20905923344947736,1,TK,TRK,TRK,NTRK1
TRK,0.4241666666666667,18,KRSA,0.20905923344947736,1,TK,TRK,TRK,NTRK2
TRK,0.4241666666666667,18,KRSA,0.20905923344947736,1,TK,TRK,TRK,NTRK3
PDGFR,-0.7366666666666667,12,KRSA,0.5017421602787456,3,TK,PDGFR,PDGFR,CSF1R
PDGFR,-0.7366666666666667,12,KRSA,0.5017421602787456,3,TK,PDGFR,PDGFR,FLT3
PDGFR,-0.7366666666666667,12,KRSA,0.5017421602787456,3,TK,PDGFR,PDGFR,KIT
PDGFR,-0.7366666666666667,12,KRSA,0.5017421602787456,3,TK,PDGFR,PDGFR,PDGFRA
PDGFR,-0.7366666666666667,12,KRSA,0.5017421602787456,3,TK,PDGFR,PDGFR,PDGFRB
VEGFR,1.1783333333333332,8,KRSA,0.6689895470383276,3,TK,VEGFR,VEGFR,FLT1
VEGFR,1.1783333333333332,8,KRSA,0.6689895470383276,3,TK,VEGFR,VEGFR,FLT4
VEGFR,1.1783333333333332,8,KRSA,0.6689895470383276,3,TK,VEGFR,VEGFR,KDR
DDR,-0.7558333333333334,11,KRSA,0.5435540069686411,3,TK,DDR,DDR,DDR1
DDR,-0.7558333333333334,11,KRSA,0.5435540069686411,3,TK,DDR,DDR,DDR2
RYK,-0.6241666666666666,15,KRSA,0.3344947735191638,2,TK,RYK,RYK,RYK
SYK,0.02749999999999996,23,KRSA,0,1,TK,SYK,SYK,SYK
SYK,0.02749999999999996,23,KRSA,0,1,TK,SYK,SYK,ZAP70
SEV,-0.44583333333333336,17,KRSA,0.2508710801393728,2,TK,SEV,SEV,ROS1
ACK,-0.4508333333333333,16,KRSA,0.2926829268292683,2,TK,ACK,ACK,TNK1
ACK,-0.4508333333333333,16,KRSA,0.2926829268292683,2,TK,ACK,ACK,TNK2
JAK,-1.3108333333333333,6,KRSA,0.7526132404181185,4,TK,JAKA,JAKA,JAK1
JAK,-1.3108333333333333,6,KRSA,0.7526132404181185,4,TK,JAKA,JAKA,JAK2
JAK,-1.3108333333333333,6,KRSA,0.7526132404181185,4,TK,JAKA,JAKA,JAK3
JAK,-1.3108333333333333,6,KRSA,0.7526132404181185,4,TK,JAKA,JAKA,TYK2
TEC,-0.24833333333333335,20,KRSA,0.1254355400696864,1,TK,TEC,TEC,BMX
TEC,-0.24833333333333335,20,KRSA,0.1254355400696864,1,TK,TEC,TEC,BTK
TEC,-0.24833333333333335,20,KRSA,0.1254355400696864,1,TK,TEC,TEC,ITK
TEC,-0.24833333333333335,20,KRSA,0.1254355400696864,1,TK,TEC,TEC,TEC
TEC,-0.24833333333333335,20,KRSA,0.1254355400696864,1,TK,TEC,TEC,TXK
EGFR,-0.6249999999999999,14,KRSA,0.4181184668989547,2,TK,EGFR,EGFR,EGFR
EGFR,-0.6249999999999999,14,KRSA,0.4181184668989547,2,TK,EGFR,EGFR,ERBB2
EGFR,-0.6249999999999999,14,KRSA,0.4181184668989547,2,TK,EGFR,EGFR,ERBB3
EGFR,-0.6249999999999999,14,KRSA,0.4181184668989547,2,TK,EGFR,EGFR,ERBB4
FGFR,0.04583333333333332,22,KRSA,0.041811846689895474,1,TK,FGFR,FGFR,FGFR1
FGFR,0.04583333333333332,22,KRSA,0.041811846689895474,1,TK,FGFR,FGFR,FGFR2
FGFR,0.04583333333333332,22,KRSA,0.041811846689895474,1,TK,FGFR,FGFR,FGFR3
FGFR,0.04583333333333332,22,KRSA,0.041811846689895474,1,TK,FGFR,FGFR,FGFR4
SRC,-1.9908333333333337,3,KRSA,0.8780487804878049,4,TK,SRC,SRCB,BLK
SRC,-1.9908333333333337,3,KRSA,0.8780487804878049,4,TK,SRC,SRCA,FGR
SRC,-1.9908333333333337,3,KRSA,0.8780487804878049,4,TK,SRC,SRCA,FYN
SRC,-1.9908333333333337,3,KRSA,0.8780487804878049,4,TK,SRC,SRCB,HCK
SRC,-1.9908333333333337,3,KRSA,0.8780487804878049,4,TK,SRC,SRCB,LCK
SRC,-1.9908333333333337,3,KRSA,0.8780487804878049,4,TK,SRC,SRCB,LYN
SRC,-1.9908333333333337,3,KRSA,0.8780487804878049,4,TK,SRC,SRM,PTK6
SRC,-1.9908333333333337,3,KRSA,0.8780487804878049,4,TK,SRC,SRCA,SRC
SRC,-1.9908333333333337,3,KRSA,0.8780487804878049,4,TK,SRC,SRM,SRMS
SRC,-1.9908333333333337,3,KRSA,0.8780487804878049,4,TK,SRC,SRCA,YES1
FAK,-2.1,1,KRSA,0.9616724738675958,4,TK,FAK,FAK,PTK2
FAK,-2.1,1,KRSA,0.9616724738675958,4,TK,FAK,FAK,PTK2B
MET,-1.4691666666666667,5,KRSA,0.794425087108014,4,TK,MET,MET,MET
MET,-1.4691666666666667,5,KRSA,0.794425087108014,4,TK,MET,MET,MST1R
INSR,-2.0516666666666667,2,KRSA,0.9198606271777003,4,TK,INSR,INSR,IGF1R
INSR,-2.0516666666666667,2,KRSA,0.9198606271777003,4,TK,INSR,INSR,INSR
INSR,-2.0516666666666667,2,KRSA,0.9198606271777003,4,TK,INSR,INSR,INSRR
VEGFR,1.1783333333333332,8,KRSA,0.6689895470383276,3,TK,VEGFR,VEGFR,FLT1
VEGFR,1.1783333333333332,8,KRSA,0.6689895470383276,3,TK,VEGFR,VEGFR,FLT4
VEGFR,1.1783333333333332,8,KRSA,0.6689895470383276,3,TK,VEGFR,VEGFR,KDR
AXL,-1.9266666666666667,4,KRSA,0.8362369337979094,4,TK,AXL,AXL,AXL
AXL,-1.9266666666666667,4,KRSA,0.8362369337979094,4,TK,AXL,AXL,MERTK
AXL,-1.9266666666666667,4,KRSA,0.8362369337979094,4,TK,AXL,AXL,TYRO3
JAK,-1.3108333333333333,6,KRSA,0.7526132404181185,4,TK,JAKA,JAKA,JAK1
JAK,-1.3108333333333333,6,KRSA,0.7526132404181185,4,TK,JAKA,JAKA,JAK2
JAK,-1.3108333333333333,6,KRSA,0.7526132404181185,4,TK,JAKA,JAKA,JAK3
JAK,-1.3108333333333333,6,KRSA,0.7526132404181185,4,TK,JAKA,JAKA,TYK2
ABL,-1.2433333333333334,7,KRSA,0.710801393728223,3,TK,ABL,ABL,ABL1
ABL,-1.2433333333333334,7,KRSA,0.710801393728223,3,TK,ABL,ABL,ABL2
EPH,0.3591666666666667,19,KRSA,0.1672473867595819,1,TK,EPH,EPH,EPHA1
EPH,0.3591666666666667,19,KRSA,0.1672473867595819,1,TK,EPH,EPH,EPHA2
EPH,0.3591666666666667,19,KRSA,0.1672473867595819,1,TK,EPH,EPH,EPHA3
EPH,0.3591666666666667,19,KRSA,0.1672473867595819,1,TK,EPH,EPH,EPHA4
EPH,0.3591666666666667,19,KRSA,0.1672473867595819,1,TK,EPH,EPH,EPHA5
EPH,0.3591666666666667,19,KRSA,0.1672473867595819,1,TK,EPH,EPH,EPHA6
EPH,0.3591666666666667,19,KRSA,0.1672473867595819,1,TK,EPH,EPH,EPHA7
EPH,0.3591666666666667,19,KRSA,0.1672473867595819,1,TK,EPH,EPH,EPHA8
EPH,0.3591666666666667,19,KRSA,0.1672473867595819,1,TK,EPH,EPH,EPHB1
EPH,0.3591666666666667,19,KRSA,0.1672473867595819,1,TK,EPH,EPH,EPHB2
EPH,0.3591666666666667,19,KRSA,0.1672473867595819,1,TK,EPH,EPH,EPHB3
EPH,0.3591666666666667,19,KRSA,0.1672473867595819,1,TK,EPH,EPH,EPHB4
FRK,-1.1383333333333334,9,KRSA,0.627177700348432,3,TK,SRC,FRK,FRK
FER,0.2466666666666667,21,KRSA,0.08362369337979095,1,TK,FER,FER,FER
FER,0.2466666666666667,21,KRSA,0.08362369337979095,1,TK,FER,FER,FES
CSK,0.6241666666666666,15,KRSA,0.3344947735191638,2,TK,CSK,CSK,CSK
CSK,0.6241666666666666,15,KRSA,0.3344947735191638,2,TK,CSK,CSK,MATK
EGFR,-0.6249999999999999,14,KRSA,0.4181184668989547,2,TK,EGFR,EGFR,EGFR
EGFR,-0.6249999999999999,14,KRSA,0.4181184668989547,2,TK,EGFR,EGFR,ERBB2
EGFR,-0.6249999999999999,14,KRSA,0.4181184668989547,2,TK,EGFR,EGFR,ERBB3
EGFR,-0.6249999999999999,14,KRSA,0.4181184668989547,2,TK,EGFR,EGFR,ERBB4
FGFR,0.04583333333333332,22,KRSA,0.041811846689895474,1,TK,FGFR,FGFR,FGFR1
FGFR,0.04583333333333332,22,KRSA,0.041811846689895474,1,TK,FGFR,FGFR,FGFR2
FGFR,0.04583333333333332,22,KRSA,0.041811846689895474,1,TK,FGFR,FGFR,FGFR3
FGFR,0.04583333333333332,22,KRSA,0.041811846689895474,1,TK,FGFR,FGFR,FGFR4
PDGFR,-0.7366666666666667,12,KRSA,0.5017421602787456,3,TK,PDGFR,PDGFR,CSF1R
PDGFR,-0.7366666666666667,12,KRSA,0.5017421602787456,3,TK,PDGFR,PDGFR,FLT3
PDGFR,-0.7366666666666667,12,KRSA,0.5017421602787456,3,TK,PDGFR,PDGFR,KIT
PDGFR,-0.7366666666666667,12,KRSA,0.5017421602787456,3,TK,PDGFR,PDGFR,PDGFRA
PDGFR,-0.7366666666666667,12,KRSA,0.5017421602787456,3,TK,PDGFR,PDGFR,PDGFRB
RYK,-0.6241666666666666,15,KRSA,0.3344947735191638,2,TK,RYK,RYK,RYK
TEC,-0.24833333333333335,20,KRSA,0.1254355400696864,1,TK,TEC,TEC,BMX
TEC,-0.24833333333333335,20,KRSA,0.1254355400696864,1,TK,TEC,TEC,BTK
TEC,-0.24833333333333335,20,KRSA,0.1254355400696864,1,TK,TEC,TEC,ITK
TEC,-0.24833333333333335,20,KRSA,0.1254355400696864,1,TK,TEC,TEC,TEC
TEC,-0.24833333333333335,20,KRSA,0.1254355400696864,1,TK,TEC,TEC,TXK
ALK,0.8225,10,KRSA,0.5853658536585366,3,TK,ALK,ALK,ALK
ALK,0.8225,10,KRSA,0.5853658536585366,3,TK,ALK,ALK,LTK
ACK,-0.4508333333333333,16,KRSA,0.2926829268292683,2,TK,ACK,ACK,TNK1
ACK,-0.4508333333333333,16,KRSA,0.2926829268292683,2,TK,ACK,ACK,TNK2
SEV,-0.44583333333333336,17,KRSA,0.2508710801393728,2,TK,SEV,SEV,ROS1
DDR,-0.7558333333333334,11,KRSA,0.5435540069686411,3,TK,DDR,DDR,DDR1
DDR,-0.7558333333333334,11,KRSA,0.5435540069686411,3,TK,DDR,DDR,DDR2
RET,-0.6525,13,KRSA,0.45993031358885017,2,TK,RET,RET,RET
SYK,0.02749999999999996,23,KRSA,0,1,TK,SYK,SYK,SYK
SYK,0.02749999999999996,23,KRSA,0,1,TK,SYK,SYK,ZAP70
TRK,0.4241666666666667,18,KRSA,0.20905923344947736,1,TK,TRK,TRK,NTRK1
TRK,0.4241666666666667,18,KRSA,0.20905923344947736,1,TK,TRK,TRK,NTRK2
TRK,0.4241666666666667,18,KRSA,0.20905923344947736,1,TK,TRK,TRK,NTRK3
INSR,-2.0516666666666667,2,KRSA,0.9198606271777003,4,TK,INSR,INSR,IGF1R
INSR,-2.0516666666666667,2,KRSA,0.9198606271777003,4,TK,INSR,INSR,INSR
INSR,-2.0516666666666667,2,KRSA,0.9198606271777003,4,TK,INSR,INSR,INSRR
AXL,-1.9266666666666667,4,KRSA,0.8362369337979094,4,TK,AXL,AXL,AXL
AXL,-1.9266666666666667,4,KRSA,0.8362369337979094,4,TK,AXL,AXL,MERTK
AXL,-1.9266666666666667,4,KRSA,0.8362369337979094,4,TK,AXL,AXL,TYRO3
MET,-1.4691666666666667,5,KRSA,0.794425087108014,4,TK,MET,MET,MET
MET,-1.4691666666666667,5,KRSA,0.794425087108014,4,TK,MET,MET,MST1R
FAK,-2.1,1,KRSA,0.9616724738675958,4,TK,FAK,FAK,PTK2
FAK,-2.1,1,KRSA,0.9616724738675958,4,TK,FAK,FAK,PTK2B
SRC,-1.9908333333333337,3,KRSA,0.8780487804878049,4,TK,SRC,SRCB,BLK
SRC,-1.9908333333333337,3,KRSA,0.8780487804878049,4,TK,SRC,SRCA,FGR
SRC,-1.9908333333333337,3,KRSA,0.8780487804878049,4,TK,SRC,SRCA,FYN
SRC,-1.9908333333333337,3,KRSA,0.8780487804878049,4,TK,SRC,SRCB,HCK
SRC,-1.9908333333333337,3,KRSA,0.8780487804878049,4,TK,SRC,SRCB,LCK
SRC,-1.9908333333333337,3,KRSA,0.8780487804878049,4,TK,SRC,SRCB,LYN
SRC,-1.9908333333333337,3,KRSA,0.8780487804878049,4,TK,SRC,SRM,PTK6
SRC,-1.9908333333333337,3,KRSA,0.8780487804878049,4,TK,SRC,SRCA,SRC
SRC,-1.9908333333333337,3,KRSA,0.8780487804878049,4,TK,SRC,SRM,SRMS
SRC,-1.9908333333333337,3,KRSA,0.8780487804878049,4,TK,SRC,SRCA,YES1
JAK,-1.3108333333333333,6,KRSA,0.7526132404181185,4,TK,JAKA,JAKA,JAK1
JAK,-1.3108333333333333,6,KRSA,0.7526132404181185,4,TK,JAKA,JAKA,JAK2
JAK,-1.3108333333333333,6,KRSA,0.7526132404181185,4,TK,JAKA,JAKA,JAK3
JAK,-1.3108333333333333,6,KRSA,0.7526132404181185,4,TK,JAKA,JAKA,TYK2
FRK,-1.1383333333333334,9,KRSA,0.627177700348432,3,TK,SRC,FRK,FRK
EGFR,-0.6249999999999999,14,KRSA,0.4181184668989547,2,TK,EGFR,EGFR,EGFR
EGFR,-0.6249999999999999,14,KRSA,0.4181184668989547,2,TK,EGFR,EGFR,ERBB2
EGFR,-0.6249999999999999,14,KRSA,0.4181184668989547,2,TK,EGFR,EGFR,ERBB3
EGFR,-0.6249999999999999,14,KRSA,0.4181184668989547,2,TK,EGFR,EGFR,ERBB4
ABL,-1.2433333333333334,7,KRSA,0.710801393728223,3,TK,ABL,ABL,ABL1
ABL,-1.2433333333333334,7,KRSA,0.710801393728223,3,TK,ABL,ABL,ABL2
EPH,0.3591666666666667,19,KRSA,0.1672473867595819,1,TK,EPH,EPH,EPHA1
EPH,0.3591666666666667,19,KRSA,0.1672473867595819,1,TK,EPH,EPH,EPHA2
EPH,0.3591666666666667,19,KRSA,0.1672473867595819,1,TK,EPH,EPH,EPHA3
EPH,0.3591666666666667,19,KRSA,0.1672473867595819,1,TK,EPH,EPH,EPHA4
EPH,0.3591666666666667,19,KRSA,0.1672473867595819,1,TK,EPH,EPH,EPHA5
EPH,0.3591666666666667,19,KRSA,0.1672473867595819,1,TK,EPH,EPH,EPHA6
EPH,0.3591666666666667,19,KRSA,0.1672473867595819,1,TK,EPH,EPH,EPHA7
EPH,0.3591666666666667,19,KRSA,0.1672473867595819,1,TK,EPH,EPH,EPHA8
EPH,0.3591666666666667,19,KRSA,0.1672473867595819,1,TK,EPH,EPH,EPHB1
EPH,0.3591666666666667,19,KRSA,0.1672473867595819,1,TK,EPH,EPH,EPHB2
EPH,0.3591666666666667,19,KRSA,0.1672473867595819,1,TK,EPH,EPH,EPHB3
EPH,0.3591666666666667,19,KRSA,0.1672473867595819,1,TK,EPH,EPH,EPHB4
PDGFR,-0.7366666666666667,12,KRSA,0.5017421602787456,3,TK,PDGFR,PDGFR,CSF1R
PDGFR,-0.7366666666666667,12,KRSA,0.5017421602787456,3,TK,PDGFR,PDGFR,FLT3
PDGFR,-0.7366666666666667,12,KRSA,0.5017421602787456,3,TK,PDGFR,PDGFR,KIT
PDGFR,-0.7366666666666667,12,KRSA,0.5017421602787456,3,TK,PDGFR,PDGFR,PDGFRA
PDGFR,-0.7366666666666667,12,KRSA,0.5017421602787456,3,TK,PDGFR,PDGFR,PDGFRB
DDR,-0.7558333333333334,11,KRSA,0.5435540069686411,3,TK,DDR,DDR,DDR1
DDR,-0.7558333333333334,11,KRSA,0.5435540069686411,3,TK,DDR,DDR,DDR2
VEGFR,1.1783333333333332,8,KRSA,0.6689895470383276,3,TK,VEGFR,VEGFR,FLT1
VEGFR,1.1783333333333332,8,KRSA,0.6689895470383276,3,TK,VEGFR,VEGFR,FLT4
VEGFR,1.1783333333333332,8,KRSA,0.6689895470383276,3,TK,VEGFR,VEGFR,KDR
CSK,0.6241666666666666,15,KRSA,0.3344947735191638,2,TK,CSK,CSK,CSK
CSK,0.6241666666666666,15,KRSA,0.3344947735191638,2,TK,CSK,CSK,MATK
RET,-0.6525,13,KRSA,0.45993031358885017,2,TK,RET,RET,RET
RYK,-0.6241666666666666,15,KRSA,0.3344947735191638,2,TK,RYK,RYK,RYK
FGFR,0.04583333333333332,22,KRSA,0.041811846689895474,1,TK,FGFR,FGFR,FGFR1
FGFR,0.04583333333333332,22,KRSA,0.041811846689895474,1,TK,FGFR,FGFR,FGFR2
FGFR,0.04583333333333332,22,KRSA,0.041811846689895474,1,TK,FGFR,FGFR,FGFR3
FGFR,0.04583333333333332,22,KRSA,0.041811846689895474,1,TK,FGFR,FGFR,FGFR4
TEC,-0.24833333333333335,20,KRSA,0.1254355400696864,1,TK,TEC,TEC,BMX
TEC,-0.24833333333333335,20,KRSA,0.1254355400696864,1,TK,TEC,TEC,BTK
TEC,-0.24833333333333335,20,KRSA,0.1254355400696864,1,TK,TEC,TEC,ITK
TEC,-0.24833333333333335,20,KRSA,0.1254355400696864,1,TK,TEC,TEC,TEC
TEC,-0.24833333333333335,20,KRSA,0.1254355400696864,1,TK,TEC,TEC,TXK
SYK,0.02749999999999996,23,KRSA,0,1,TK,SYK,SYK,SYK
SYK,0.02749999999999996,23,KRSA,0,1,TK,SYK,SYK,ZAP70
ACK,-0.4508333333333333,16,KRSA,0.2926829268292683,2,TK,ACK,ACK,TNK1
ACK,-0.4508333333333333,16,KRSA,0.2926829268292683,2,TK,ACK,ACK,TNK2
SEV,-0.44583333333333336,17,KRSA,0.2508710801393728,2,TK,SEV,SEV,ROS1
FER,0.2466666666666667,21,KRSA,0.08362369337979095,1,TK,FER,FER,FER
FER,0.2466666666666667,21,KRSA,0.08362369337979095,1,TK,FER,FER,FES
ALK,0.8225,10,KRSA,0.5853658536585366,3,TK,ALK,ALK,ALK
ALK,0.8225,10,KRSA,0.5853658536585366,3,TK,ALK,ALK,LTK
TRK,0.4241666666666667,18,KRSA,0.20905923344947736,1,TK,TRK,TRK,NTRK1
TRK,0.4241666666666667,18,KRSA,0.20905923344947736,1,TK,TRK,TRK,NTRK2
TRK,0.4241666666666667,18,KRSA,0.20905923344947736,1,TK,TRK,TRK,NTRK3
EGFR,-0.6249999999999999,14,KRSA,0.4181184668989547,2,TK,EGFR,EGFR,EGFR
EGFR,-0.6249999999999999,14,KRSA,0.4181184668989547,2,TK,EGFR,EGFR,ERBB2
EGFR,-0.6249999999999999,14,KRSA,0.4181184668989547,2,TK,EGFR,EGFR,ERBB3
EGFR,-0.6249999999999999,14,KRSA,0.4181184668989547,2,TK,EGFR,EGFR,ERBB4
MET,-1.4691666666666667,5,KRSA,0.794425087108014,4,TK,MET,MET,MET
MET,-1.4691666666666667,5,KRSA,0.794425087108014,4,TK,MET,MET,MST1R
INSR,-2.0516666666666667,2,KRSA,0.9198606271777003,4,TK,INSR,INSR,IGF1R
INSR,-2.0516666666666667,2,KRSA,0.9198606271777003,4,TK,INSR,INSR,INSR
INSR,-2.0516666666666667,2,KRSA,0.9198606271777003,4,TK,INSR,INSR,INSRR
JAK,-1.3108333333333333,6,KRSA,0.7526132404181185,4,TK,JAKA,JAKA,JAK1
JAK,-1.3108333333333333,6,KRSA,0.7526132404181185,4,TK,JAKA,JAKA,JAK2
JAK,-1.3108333333333333,6,KRSA,0.7526132404181185,4,TK,JAKA,JAKA,JAK3
JAK,-1.3108333333333333,6,KRSA,0.7526132404181185,4,TK,JAKA,JAKA,TYK2
SRC,-1.9908333333333337,3,KRSA,0.8780487804878049,4,TK,SRC,SRCB,BLK
SRC,-1.9908333333333337,3,KRSA,0.8780487804878049,4,TK,SRC,SRCA,FGR
SRC,-1.9908333333333337,3,KRSA,0.8780487804878049,4,TK,SRC,SRCA,FYN
SRC,-1.9908333333333337,3,KRSA,0.8780487804878049,4,TK,SRC,SRCB,HCK
SRC,-1.9908333333333337,3,KRSA,0.8780487804878049,4,TK,SRC,SRCB,LCK
SRC,-1.9908333333333337,3,KRSA,0.8780487804878049,4,TK,SRC,SRCB,LYN
SRC,-1.9908333333333337,3,KRSA,0.8780487804878049,4,TK,SRC,SRM,PTK6
SRC,-1.9908333333333337,3,KRSA,0.8780487804878049,4,TK,SRC,SRCA,SRC
SRC,-1.9908333333333337,3,KRSA,0.8780487804878049,4,TK,SRC,SRM,SRMS
SRC,-1.9908333333333337,3,KRSA,0.8780487804878049,4,TK,SRC,SRCA,YES1
AXL,-1.9266666666666667,4,KRSA,0.8362369337979094,4,TK,AXL,AXL,AXL
AXL,-1.9266666666666667,4,KRSA,0.8362369337979094,4,TK,AXL,AXL,MERTK
AXL,-1.9266666666666667,4,KRSA,0.8362369337979094,4,TK,AXL,AXL,TYRO3
FRK,-1.1383333333333334,9,KRSA,0.627177700348432,3,TK,SRC,FRK,FRK
ABL,-1.2433333333333334,7,KRSA,0.710801393728223,3,TK,ABL,ABL,ABL1
ABL,-1.2433333333333334,7,KRSA,0.710801393728223,3,TK,ABL,ABL,ABL2
FAK,-2.1,1,KRSA,0.9616724738675958,4,TK,FAK,FAK,PTK2
FAK,-2.1,1,KRSA,0.9616724738675958,4,TK,FAK,FAK,PTK2B
CSK,0.6241666666666666,15,KRSA,0.3344947735191638,2,TK,CSK,CSK,CSK
CSK,0.6241666666666666,15,KRSA,0.3344947735191638,2,TK,CSK,CSK,MATK
SYK,0.02749999999999996,23,KRSA,0,1,TK,SYK,SYK,SYK
SYK,0.02749999999999996,23,KRSA,0,1,TK,SYK,SYK,ZAP70
FGFR,0.04583333333333332,22,KRSA,0.041811846689895474,1,TK,FGFR,FGFR,FGFR1
FGFR,0.04583333333333332,22,KRSA,0.041811846689895474,1,TK,FGFR,FGFR,FGFR2
FGFR,0.04583333333333332,22,KRSA,0.041811846689895474,1,TK,FGFR,FGFR,FGFR3
FGFR,0.04583333333333332,22,KRSA,0.041811846689895474,1,TK,FGFR,FGFR,FGFR4
EPH,0.3591666666666667,19,KRSA,0.1672473867595819,1,TK,EPH,EPH,EPHA1
EPH,0.3591666666666667,19,KRSA,0.1672473867595819,1,TK,EPH,EPH,EPHA2
EPH,0.3591666666666667,19,KRSA,0.1672473867595819,1,TK,EPH,EPH,EPHA3
EPH,0.3591666666666667,19,KRSA,0.1672473867595819,1,TK,EPH,EPH,EPHA4
EPH,0.3591666666666667,19,KRSA,0.1672473867595819,1,TK,EPH,EPH,EPHA5
EPH,0.3591666666666667,19,KRSA,0.1672473867595819,1,TK,EPH,EPH,EPHA6
EPH,0.3591666666666667,19,KRSA,0.1672473867595819,1,TK,EPH,EPH,EPHA7
EPH,0.3591666666666667,19,KRSA,0.1672473867595819,1,TK,EPH,EPH,EPHA8
EPH,0.3591666666666667,19,KRSA,0.1672473867595819,1,TK,EPH,EPH,EPHB1
EPH,0.3591666666666667,19,KRSA,0.1672473867595819,1,TK,EPH,EPH,EPHB2
EPH,0.3591666666666667,19,KRSA,0.1672473867595819,1,TK,EPH,EPH,EPHB3
EPH,0.3591666666666667,19,KRSA,0.1672473867595819,1,TK,EPH,EPH,EPHB4
VEGFR,1.1783333333333332,8,KRSA,0.6689895470383276,3,TK,VEGFR,VEGFR,FLT1
VEGFR,1.1783333333333332,8,KRSA,0.6689895470383276,3,TK,VEGFR,VEGFR,FLT4
VEGFR,1.1783333333333332,8,KRSA,0.6689895470383276,3,TK,VEGFR,VEGFR,KDR
RET,-0.6525,13,KRSA,0.45993031358885017,2,TK,RET,RET,RET
DDR,-0.7558333333333334,11,KRSA,0.5435540069686411,3,TK,DDR,DDR,DDR1
DDR,-0.7558333333333334,11,KRSA,0.5435540069686411,3,TK,DDR,DDR,DDR2
RYK,-0.6241666666666666,15,KRSA,0.3344947735191638,2,TK,RYK,RYK,RYK
ACK,-0.4508333333333333,16,KRSA,0.2926829268292683,2,TK,ACK,ACK,TNK1
ACK,-0.4508333333333333,16,KRSA,0.2926829268292683,2,TK,ACK,ACK,TNK2
SEV,-0.44583333333333336,17,KRSA,0.2508710801393728,2,TK,SEV,SEV,ROS1
PDGFR,-0.7366666666666667,12,KRSA,0.5017421602787456,3,TK,PDGFR,PDGFR,CSF1R
PDGFR,-0.7366666666666667,12,KRSA,0.5017421602787456,3,TK,PDGFR,PDGFR,FLT3
PDGFR,-0.7366666666666667,12,KRSA,0.5017421602787456,3,TK,PDGFR,PDGFR,KIT
PDGFR,-0.7366666666666667,12,KRSA,0.5017421602787456,3,TK,PDGFR,PDGFR,PDGFRA
PDGFR,-0.7366666666666667,12,KRSA,0.5017421602787456,3,TK,PDGFR,PDGFR,PDGFRB
FER,0.2466666666666667,21,KRSA,0.08362369337979095,1,TK,FER,FER,FER
FER,0.2466666666666667,21,KRSA,0.08362369337979095,1,TK,FER,FER,FES
ALK,0.8225,10,KRSA,0.5853658536585366,3,TK,ALK,ALK,ALK
ALK,0.8225,10,KRSA,0.5853658536585366,3,TK,ALK,ALK,LTK
TEC,-0.24833333333333335,20,KRSA,0.1254355400696864,1,TK,TEC,TEC,BMX
TEC,-0.24833333333333335,20,KRSA,0.1254355400696864,1,TK,TEC,TEC,BTK
TEC,-0.24833333333333335,20,KRSA,0.1254355400696864,1,TK,TEC,TEC,ITK
TEC,-0.24833333333333335,20,KRSA,0.1254355400696864,1,TK,TEC,TEC,TEC
TEC,-0.24833333333333335,20,KRSA,0.1254355400696864,1,TK,TEC,TEC,TXK
TRK,0.4241666666666667,18,KRSA,0.20905923344947736,1,TK,TRK,TRK,NTRK1
TRK,0.4241666666666667,18,KRSA,0.20905923344947736,1,TK,TRK,TRK,NTRK2
TRK,0.4241666666666667,18,KRSA,0.20905923344947736,1,TK,TRK,TRK,NTRK3
SRC,-1.9908333333333337,3,KRSA,0.8780487804878049,4,TK,SRC,SRCB,BLK
SRC,-1.9908333333333337,3,KRSA,0.8780487804878049,4,TK,SRC,SRCA,FGR
SRC,-1.9908333333333337,3,KRSA,0.8780487804878049,4,TK,SRC,SRCA,FYN
SRC,-1.9908333333333337,3,KRSA,0.8780487804878049,4,TK,SRC,SRCB,HCK
SRC,-1.9908333333333337,3,KRSA,0.8780487804878049,4,TK,SRC,SRCB,LCK
SRC,-1.9908333333333337,3,KRSA,0.8780487804878049,4,TK,SRC,SRCB,LYN
SRC,-1.9908333333333337,3,KRSA,0.8780487804878049,4,TK,SRC,SRM,PTK6
SRC,-1.9908333333333337,3,KRSA,0.8780487804878049,4,TK,SRC,SRCA,SRC
SRC,-1.9908333333333337,3,KRSA,0.8780487804878049,4,TK,SRC,SRM,SRMS
SRC,-1.9908333333333337,3,KRSA,0.8780487804878049,4,TK,SRC,SRCA,YES1
AXL,-1.9266666666666667,4,KRSA,0.8362369337979094,4,TK,AXL,AXL,AXL
AXL,-1.9266666666666667,4,KRSA,0.8362369337979094,4,TK,AXL,AXL,MERTK
AXL,-1.9266666666666667,4,KRSA,0.8362369337979094,4,TK,AXL,AXL,TYRO3
EGFR,-0.6249999999999999,14,KRSA,0.4181184668989547,2,TK,EGFR,EGFR,EGFR
EGFR,-0.6249999999999999,14,KRSA,0.4181184668989547,2,TK,EGFR,EGFR,ERBB2
EGFR,-0.6249999999999999,14,KRSA,0.4181184668989547,2,TK,EGFR,EGFR,ERBB3
EGFR,-0.6249999999999999,14,KRSA,0.4181184668989547,2,TK,EGFR,EGFR,ERBB4
FAK,-2.1,1,KRSA,0.9616724738675958,4,TK,FAK,FAK,PTK2
FAK,-2.1,1,KRSA,0.9616724738675958,4,TK,FAK,FAK,PTK2B
MET,-1.4691666666666667,5,KRSA,0.794425087108014,4,TK,MET,MET,MET
MET,-1.4691666666666667,5,KRSA,0.794425087108014,4,TK,MET,MET,MST1R
INSR,-2.0516666666666667,2,KRSA,0.9198606271777003,4,TK,INSR,INSR,IGF1R
INSR,-2.0516666666666667,2,KRSA,0.9198606271777003,4,TK,INSR,INSR,INSR
INSR,-2.0516666666666667,2,KRSA,0.9198606271777003,4,TK,INSR,INSR,INSRR
JAK,-1.3108333333333333,6,KRSA,0.7526132404181185,4,TK,JAKA,JAKA,JAK1
JAK,-1.3108333333333333,6,KRSA,0.7526132404181185,4,TK,JAKA,JAKA,JAK2
JAK,-1.3108333333333333,6,KRSA,0.7526132404181185,4,TK,JAKA,JAKA,JAK3
JAK,-1.3108333333333333,6,KRSA,0.7526132404181185,4,TK,JAKA,JAKA,TYK2
FRK,-1.1383333333333334,9,KRSA,0.627177700348432,3,TK,SRC,FRK,FRK
FER,0.2466666666666667,21,KRSA,0.08362369337979095,1,TK,FER,FER,FER
FER,0.2466666666666667,21,KRSA,0.08362369337979095,1,TK,FER,FER,FES
ABL,-1.2433333333333334,7,KRSA,0.710801393728223,3,TK,ABL,ABL,ABL1
ABL,-1.2433333333333334,7,KRSA,0.710801393728223,3,TK,ABL,ABL,ABL2
TRK,0.4241666666666667,18,KRSA,0.20905923344947736,1,TK,TRK,TRK,NTRK1
TRK,0.4241666666666667,18,KRSA,0.20905923344947736,1,TK,TRK,TRK,NTRK2
TRK,0.4241666666666667,18,KRSA,0.20905923344947736,1,TK,TRK,TRK,NTRK3
VEGFR,1.1783333333333332,8,KRSA,0.6689895470383276,3,TK,VEGFR,VEGFR,FLT1
VEGFR,1.1783333333333332,8,KRSA,0.6689895470383276,3,TK,VEGFR,VEGFR,FLT4
VEGFR,1.1783333333333332,8,KRSA,0.6689895470383276,3,TK,VEGFR,VEGFR,KDR
FGFR,0.04583333333333332,22,KRSA,0.041811846689895474,1,TK,FGFR,FGFR,FGFR1
FGFR,0.04583333333333332,22,KRSA,0.041811846689895474,1,TK,FGFR,FGFR,FGFR2
FGFR,0.04583333333333332,22,KRSA,0.041811846689895474,1,TK,FGFR,FGFR,FGFR3
FGFR,0.04583333333333332,22,KRSA,0.041811846689895474,1,TK,FGFR,FGFR,FGFR4
SYK,0.02749999999999996,23,KRSA,0,1,TK,SYK,SYK,SYK
SYK,0.02749999999999996,23,KRSA,0,1,TK,SYK,SYK,ZAP70
RYK,-0.6241666666666666,15,KRSA,0.3344947735191638,2,TK,RYK,RYK,RYK
EPH,0.3591666666666667,19,KRSA,0.1672473867595819,1,TK,EPH,EPH,EPHA1
EPH,0.3591666666666667,19,KRSA,0.1672473867595819,1,TK,EPH,EPH,EPHA2
EPH,0.3591666666666667,19,KRSA,0.1672473867595819,1,TK,EPH,EPH,EPHA3
EPH,0.3591666666666667,19,KRSA,0.1672473867595819,1,TK,EPH,EPH,EPHA4
EPH,0.3591666666666667,19,KRSA,0.1672473867595819,1,TK,EPH,EPH,EPHA5
EPH,0.3591666666666667,19,KRSA,0.1672473867595819,1,TK,EPH,EPH,EPHA6
EPH,0.3591666666666667,19,KRSA,0.1672473867595819,1,TK,EPH,EPH,EPHA7
EPH,0.3591666666666667,19,KRSA,0.1672473867595819,1,TK,EPH,EPH,EPHA8
EPH,0.3591666666666667,19,KRSA,0.1672473867595819,1,TK,EPH,EPH,EPHB1
EPH,0.3591666666666667,19,KRSA,0.1672473867595819,1,TK,EPH,EPH,EPHB2
EPH,0.3591666666666667,19,KRSA,0.1672473867595819,1,TK,EPH,EPH,EPHB3
EPH,0.3591666666666667,19,KRSA,0.1672473867595819,1,TK,EPH,EPH,EPHB4
CSK,0.6241666666666666,15,KRSA,0.3344947735191638,2,TK,CSK,CSK,CSK
CSK,0.6241666666666666,15,KRSA,0.3344947735191638,2,TK,CSK,CSK,MATK
ACK,-0.4508333333333333,16,KRSA,0.2926829268292683,2,TK,ACK,ACK,TNK1
ACK,-0.4508333333333333,16,KRSA,0.2926829268292683,2,TK,ACK,ACK,TNK2
SEV,-0.44583333333333336,17,KRSA,0.2508710801393728,2,TK,SEV,SEV,ROS1
RET,-0.6525,13,KRSA,0.45993031358885017,2,TK,RET,RET,RET
TEC,-0.24833333333333335,20,KRSA,0.1254355400696864,1,TK,TEC,TEC,BMX
TEC,-0.24833333333333335,20,KRSA,0.1254355400696864,1,TK,TEC,TEC,BTK
TEC,-0.24833333333333335,20,KRSA,0.1254355400696864,1,TK,TEC,TEC,ITK
TEC,-0.24833333333333335,20,KRSA,0.1254355400696864,1,TK,TEC,TEC,TEC
TEC,-0.24833333333333335,20,KRSA,0.1254355400696864,1,TK,TEC,TEC,TXK
ALK,0.8225,10,KRSA,0.5853658536585366,3,TK,ALK,ALK,ALK
ALK,0.8225,10,KRSA,0.5853658536585366,3,TK,ALK,ALK,LTK
PDGFR,-0.7366666666666667,12,KRSA,0.5017421602787456,3,TK,PDGFR,PDGFR,CSF1R
PDGFR,-0.7366666666666667,12,KRSA,0.5017421602787456,3,TK,PDGFR,PDGFR,FLT3
PDGFR,-0.7366666666666667,12,KRSA,0.5017421602787456,3,TK,PDGFR,PDGFR,KIT
PDGFR,-0.7366666666666667,12,KRSA,0.5017421602787456,3,TK,PDGFR,PDGFR,PDGFRA
PDGFR,-0.7366666666666667,12,KRSA,0.5017421602787456,3,TK,PDGFR,PDGFR,PDGFRB
DDR,-0.7558333333333334,11,KRSA,0.5435540069686411,3,TK,DDR,DDR,DDR1
DDR,-0.7558333333333334,11,KRSA,0.5435540069686411,3,TK,DDR,DDR,DDR2
